INSERT INTO ET_DISTRITO (ID_DISTRITO, NOMBRE)
VALUES ('150108', 'CHORRILLOS');
INSERT INTO ET_DISTRITO (ID_DISTRITO, NOMBRE)
VALUES ('150122', 'MIRAFLORES');
INSERT INTO ET_DISTRITO (ID_DISTRITO, NOMBRE)
VALUES ('150131', 'SAN ISIDRO');
INSERT INTO ET_DISTRITO (ID_DISTRITO, NOMBRE)
VALUES ('150104', 'BARRANCO');
INSERT INTO ET_DISTRITO (ID_DISTRITO, NOMBRE)
VALUES ('150115', 'LA VICTORIA');
INSERT INTO ET_DISTRITO (ID_DISTRITO, NOMBRE)
VALUES ('150116', 'LINCE');

INSERT INTO ET_CONDUCTOR (ID_CONDUCTOR, NOMBRES, APELLIDO_PATERNO, APELLIDO_MATERNO, TIPO_LICENCIA, ESTADO)
VALUES (1, 'Alvaro Stefano', 'Angeles', 'Meza', 'A-IIIa', 'A');
INSERT INTO ET_CONDUCTOR (ID_CONDUCTOR, NOMBRES, APELLIDO_PATERNO, APELLIDO_MATERNO, TIPO_LICENCIA, ESTADO)
VALUES (2, 'Daniel Enrique', 'Paz', 'Contreras', 'A-IIIa', 'A');
INSERT INTO ET_CONDUCTOR (ID_CONDUCTOR, NOMBRES, APELLIDO_PATERNO, APELLIDO_MATERNO, TIPO_LICENCIA, ESTADO)
VALUES (3, 'Javier William', 'Pauca', 'Bocanegra', 'A-IIIa', 'B');
INSERT INTO ET_CONDUCTOR (ID_CONDUCTOR, NOMBRES, APELLIDO_PATERNO, APELLIDO_MATERNO, TIPO_LICENCIA, ESTADO)
VALUES (4, 'Luciano Javier', 'Diaz', 'Ybarra', 'A-IIb', 'A');
INSERT INTO ET_CONDUCTOR (ID_CONDUCTOR, NOMBRES, APELLIDO_PATERNO, APELLIDO_MATERNO, TIPO_LICENCIA, ESTADO)
VALUES (5, 'Erick Eduardo', 'Lozano', 'Estrada', 'A-IIb', 'A');
INSERT INTO ET_CONDUCTOR (ID_CONDUCTOR, NOMBRES, APELLIDO_PATERNO, APELLIDO_MATERNO, TIPO_LICENCIA, ESTADO)
VALUES (6, 'Jose Eduardo', 'Martinez', 'Meza', 'A-IIIa', 'S');
INSERT INTO ET_CONDUCTOR (ID_CONDUCTOR, NOMBRES, APELLIDO_PATERNO, APELLIDO_MATERNO, TIPO_LICENCIA, ESTADO)
VALUES (7, 'Antonio Martín', 'Rodriguez', 'Cotrina', 'A-IIIa', 'A');
INSERT INTO ET_CONDUCTOR (ID_CONDUCTOR, NOMBRES, APELLIDO_PATERNO, APELLIDO_MATERNO, TIPO_LICENCIA, ESTADO)
VALUES (8, 'David Gonzalo', 'Mendoza', 'Rojas', 'A-IIIa', 'B');
INSERT INTO ET_CONDUCTOR (ID_CONDUCTOR, NOMBRES, APELLIDO_PATERNO, APELLIDO_MATERNO, TIPO_LICENCIA, ESTADO)
VALUES (9, 'Luis Enrique', 'Munaylla', 'Lopez', 'A-IIb', 'A');
INSERT INTO ET_CONDUCTOR (ID_CONDUCTOR, NOMBRES, APELLIDO_PATERNO, APELLIDO_MATERNO, TIPO_LICENCIA, ESTADO)
VALUES (10, 'Tomas Angel', 'Cordova', 'Rios', 'A-IIb', 'R');
INSERT INTO ET_CONDUCTOR (ID_CONDUCTOR, NOMBRES, APELLIDO_PATERNO, APELLIDO_MATERNO, TIPO_LICENCIA, ESTADO)
VALUES (11, 'Roberto Carlos', 'Valle', 'Retamozo', 'A-IIb', 'A');
INSERT INTO ET_CONDUCTOR (ID_CONDUCTOR, NOMBRES, APELLIDO_PATERNO, APELLIDO_MATERNO, TIPO_LICENCIA, ESTADO)
VALUES (12, 'Jorge Miguel', 'Mendez', 'Soto', 'A-IIb', 'A');

INSERT INTO ET_MODELO_BUS (ID_MODELO_BUS, MODELO, FABRICANTE, ANHO_FABRICACION, MAX_VELOCIDAD, NUMERO_ASIENTOS, CAPACIDAD_DE_PIE)
VALUES (1, 'Intouro K', 'Mercedes', 2000, 90, 40, 20);
INSERT INTO ET_MODELO_BUS (ID_MODELO_BUS, MODELO, FABRICANTE, ANHO_FABRICACION, MAX_VELOCIDAD, NUMERO_ASIENTOS, CAPACIDAD_DE_PIE)
VALUES (2, '8-150FEB', 'Volkswagen', 2008, 104, 40, 20);
INSERT INTO ET_MODELO_BUS (ID_MODELO_BUS, MODELO, FABRICANTE, ANHO_FABRICACION, MAX_VELOCIDAD, NUMERO_ASIENTOS, CAPACIDAD_DE_PIE)
VALUES (3, 'Citaro K', 'Mercedes', 2012, 200, 80, 60);
INSERT INTO ET_MODELO_BUS (ID_MODELO_BUS, MODELO, FABRICANTE, ANHO_FABRICACION, MAX_VELOCIDAD, NUMERO_ASIENTOS, CAPACIDAD_DE_PIE)
VALUES (4, '15.190OD', 'Volkswagen', 2010, 123, 50, 30);
INSERT INTO ET_MODELO_BUS (ID_MODELO_BUS, MODELO, FABRICANTE, ANHO_FABRICACION, MAX_VELOCIDAD, NUMERO_ASIENTOS, CAPACIDAD_DE_PIE)
VALUES (5, 'Citaro', 'Mercedes', 2008, 120, 60, 30);
INSERT INTO ET_MODELO_BUS (ID_MODELO_BUS, MODELO, FABRICANTE, ANHO_FABRICACION, MAX_VELOCIDAD, NUMERO_ASIENTOS, CAPACIDAD_DE_PIE)
VALUES (6, '18.330OT', 'Volkswagen', 2020, 220, 60, 40);

INSERT INTO ET_BUS (ID_BUS, ID_MODELO_BUS, PLACA, ASEGURADO, ESTADO)
VALUES (1, 1, 'DFV-365', 1, 'A');
INSERT INTO ET_BUS (ID_BUS, ID_MODELO_BUS, PLACA, ASEGURADO, ESTADO)
VALUES (2, 1, 'RGH-753', 1, 'A');
INSERT INTO ET_BUS (ID_BUS, ID_MODELO_BUS, PLACA, ASEGURADO, ESTADO)
VALUES (3, 2, 'MNH-346', 1, 'A');
INSERT INTO ET_BUS (ID_BUS, ID_MODELO_BUS, PLACA, ASEGURADO, ESTADO)
VALUES (4, 2, 'SDF-478', 1, 'A');
INSERT INTO ET_BUS (ID_BUS, ID_MODELO_BUS, PLACA, ASEGURADO, ESTADO)
VALUES (5, 3, 'MHG-235', 1, 'A');
INSERT INTO ET_BUS (ID_BUS, ID_MODELO_BUS, PLACA, ASEGURADO, ESTADO)
VALUES (6, 4, 'AFV-563', 1, 'A');
INSERT INTO ET_BUS (ID_BUS, ID_MODELO_BUS, PLACA, ASEGURADO, ESTADO)
VALUES (7, 4, 'BGH-537', 1, 'A');
INSERT INTO ET_BUS (ID_BUS, ID_MODELO_BUS, PLACA, ASEGURADO, ESTADO)
VALUES (8, 5, 'HNC-634', 1, 'A');
INSERT INTO ET_BUS (ID_BUS, ID_MODELO_BUS, PLACA, ASEGURADO, ESTADO)
VALUES (9, 5, 'DFS-487', 1, 'A');
INSERT INTO ET_BUS (ID_BUS, ID_MODELO_BUS, PLACA, ASEGURADO, ESTADO)
VALUES (10, 6, 'HGE-232', 1, 'A');

INSERT INTO ET_PARADERO (ID_PARADERO, NOMBRE, ID_DISTRITO, REFERENCIA, TIPO, ESTADO)
VALUES (1, 'Los Cedros', '150108', NULL, 'I', 'A');
INSERT INTO ET_PARADERO (ID_PARADERO, NOMBRE, ID_DISTRITO, REFERENCIA, TIPO, ESTADO)
VALUES (2, 'Plaza Lima Sur', '150108', NULL, 'N', 'A');
INSERT INTO ET_PARADERO (ID_PARADERO, NOMBRE, ID_DISTRITO, REFERENCIA, TIPO, ESTADO)
VALUES (3, 'Escuela Militar', '150108', NULL, 'N', 'A');
INSERT INTO ET_PARADERO (ID_PARADERO, NOMBRE, ID_DISTRITO, REFERENCIA, TIPO, ESTADO)
VALUES (4, 'Museo Osma', '150104', NULL, 'N', 'A');
INSERT INTO ET_PARADERO (ID_PARADERO, NOMBRE, ID_DISTRITO, REFERENCIA, TIPO, ESTADO)
VALUES (5, 'Puente Suspiros', '150104', NULL, 'N', 'B');
INSERT INTO ET_PARADERO (ID_PARADERO, NOMBRE, ID_DISTRITO, REFERENCIA, TIPO, ESTADO)
VALUES (6, 'Armendariz', '150122', NULL, 'N', 'A');
INSERT INTO ET_PARADERO (ID_PARADERO, NOMBRE, ID_DISTRITO, REFERENCIA, TIPO, ESTADO)
VALUES (7, 'Larco Mar', '150122', NULL, 'N', 'T');
INSERT INTO ET_PARADERO (ID_PARADERO, NOMBRE, ID_DISTRITO, REFERENCIA, TIPO, ESTADO)
VALUES (8, 'Ovalo Miraflores', '150122', NULL, 'N', 'A');
INSERT INTO ET_PARADERO (ID_PARADERO, NOMBRE, ID_DISTRITO, REFERENCIA, TIPO, ESTADO)
VALUES (9, 'Aramburú', '150131', NULL, 'N', 'A');
INSERT INTO ET_PARADERO (ID_PARADERO, NOMBRE, ID_DISTRITO, REFERENCIA, TIPO, ESTADO)
VALUES (10, 'Javier Prado', '150131', NULL, 'F', 'A');
INSERT INTO ET_PARADERO (ID_PARADERO, NOMBRE, ID_DISTRITO, REFERENCIA, TIPO, ESTADO)
VALUES (11, 'Canada', '150115', NULL, 'N', 'A');
INSERT INTO ET_PARADERO (ID_PARADERO, NOMBRE, ID_DISTRITO, REFERENCIA, TIPO, ESTADO)
VALUES (12, 'Turing', '150115', NULL, 'N', 'T');
INSERT INTO ET_PARADERO (ID_PARADERO, NOMBRE, ID_DISTRITO, REFERENCIA, TIPO, ESTADO)
VALUES (13, 'Parque Bomberos', '150116', NULL, 'F', 'A');

INSERT INTO ET_TURNO (ID_TURNO_VIAJE, ID_CONDUCTOR, ID_BUS, HORA_PARTIDA, HORA_LLEGADA_PROGRAMADA,HORA_LLEGADA_REAL, FECHA, SENTIDO)  
VALUES (1,1,1,'6:00','8:00',null,'01/03/2023','I');
INSERT INTO ET_TURNO (ID_TURNO_VIAJE, ID_CONDUCTOR, ID_BUS, HORA_PARTIDA, HORA_LLEGADA_PROGRAMADA,HORA_LLEGADA_REAL, FECHA, SENTIDO)  
VALUES (2,2,2,'6:00','8:00',null,'01/03/2023','V');
INSERT INTO ET_TURNO (ID_TURNO_VIAJE, ID_CONDUCTOR, ID_BUS, HORA_PARTIDA, HORA_LLEGADA_PROGRAMADA,HORA_LLEGADA_REAL, FECHA, SENTIDO)  
VALUES (3,3,3,'6:30','8:30',null,'01/03/2023','I');
INSERT INTO ET_TURNO (ID_TURNO_VIAJE, ID_CONDUCTOR, ID_BUS, HORA_PARTIDA, HORA_LLEGADA_PROGRAMADA,HORA_LLEGADA_REAL, FECHA, SENTIDO)  
VALUES (4,4,4,'6:30','8:30',null,'01/03/2023','V');
INSERT INTO ET_TURNO (ID_TURNO_VIAJE, ID_CONDUCTOR, ID_BUS, HORA_PARTIDA, HORA_LLEGADA_PROGRAMADA,HORA_LLEGADA_REAL, FECHA, SENTIDO)  
VALUES (5,5,5,'7:00','9:00',null,'01/03/2023','I');
INSERT INTO ET_TURNO (ID_TURNO_VIAJE, ID_CONDUCTOR, ID_BUS, HORA_PARTIDA, HORA_LLEGADA_PROGRAMADA,HORA_LLEGADA_REAL, FECHA, SENTIDO)  
VALUES (6,6,6,'7:00','9:00',null,'01/03/2023','V');
INSERT INTO ET_TURNO (ID_TURNO_VIAJE, ID_CONDUCTOR, ID_BUS, HORA_PARTIDA, HORA_LLEGADA_PROGRAMADA,HORA_LLEGADA_REAL, FECHA, SENTIDO)  
VALUES (7,7,7,'7:30','9:30',null,'01/03/2023','I');
INSERT INTO ET_TURNO (ID_TURNO_VIAJE, ID_CONDUCTOR, ID_BUS, HORA_PARTIDA, HORA_LLEGADA_PROGRAMADA,HORA_LLEGADA_REAL, FECHA, SENTIDO)  
VALUES (8,8,8,'7:30','9:30',null,'01/03/2023','V');
INSERT INTO ET_TURNO (ID_TURNO_VIAJE, ID_CONDUCTOR, ID_BUS, HORA_PARTIDA, HORA_LLEGADA_PROGRAMADA,HORA_LLEGADA_REAL, FECHA, SENTIDO)  
VALUES (9,9,9,'0800','1000',null,'01/03/2023','I');
INSERT INTO ET_TURNO (ID_TURNO_VIAJE, ID_CONDUCTOR, ID_BUS, HORA_PARTIDA, HORA_LLEGADA_PROGRAMADA,HORA_LLEGADA_REAL, FECHA, SENTIDO)  
VALUES (10,10,10,'0800','1000',null,'01/03/2023','V');
INSERT INTO ET_TURNO (ID_TURNO_VIAJE, ID_CONDUCTOR, ID_BUS, HORA_PARTIDA, HORA_LLEGADA_PROGRAMADA,HORA_LLEGADA_REAL, FECHA, SENTIDO)  
VALUES (11,11,2,'0830','1030',null,'01/03/2023','I');
INSERT INTO ET_TURNO (ID_TURNO_VIAJE, ID_CONDUCTOR, ID_BUS, HORA_PARTIDA, HORA_LLEGADA_PROGRAMADA,HORA_LLEGADA_REAL, FECHA, SENTIDO)  
VALUES (12,12,1,'0830','1030',null,'01/03/2023','V');
INSERT INTO ET_TURNO (ID_TURNO_VIAJE, ID_CONDUCTOR, ID_BUS, HORA_PARTIDA, HORA_LLEGADA_PROGRAMADA,HORA_LLEGADA_REAL, FECHA, SENTIDO)  
VALUES (13,2,4,'0900','1100',null,'01/03/2023','I');
INSERT INTO ET_TURNO (ID_TURNO_VIAJE, ID_CONDUCTOR, ID_BUS, HORA_PARTIDA, HORA_LLEGADA_PROGRAMADA,HORA_LLEGADA_REAL, FECHA, SENTIDO)  
VALUES (14,1,3,'0900','1100',null,'01/03/2023','V');
INSERT INTO ET_TURNO (ID_TURNO_VIAJE, ID_CONDUCTOR, ID_BUS, HORA_PARTIDA, HORA_LLEGADA_PROGRAMADA,HORA_LLEGADA_REAL, FECHA, SENTIDO)  
VALUES (15,4,6,'0930','1030',null,'01/03/2023','I');
INSERT INTO ET_TURNO (ID_TURNO_VIAJE, ID_CONDUCTOR, ID_BUS, HORA_PARTIDA, HORA_LLEGADA_PROGRAMADA,HORA_LLEGADA_REAL, FECHA, SENTIDO)  
VALUES (16,3,5,'0930','1030',null,'01/03/2023','V');
INSERT INTO ET_TURNO (ID_TURNO_VIAJE, ID_CONDUCTOR, ID_BUS, HORA_PARTIDA, HORA_LLEGADA_PROGRAMADA,HORA_LLEGADA_REAL, FECHA, SENTIDO)  
VALUES (17,6,8,'1000','1200',null,'01/03/2023','I');
INSERT INTO ET_TURNO (ID_TURNO_VIAJE, ID_CONDUCTOR, ID_BUS, HORA_PARTIDA, HORA_LLEGADA_PROGRAMADA,HORA_LLEGADA_REAL, FECHA, SENTIDO)  
VALUES (18,5,7,'1000','1200',null,'01/03/2023','V');
INSERT INTO ET_TURNO (ID_TURNO_VIAJE, ID_CONDUCTOR, ID_BUS, HORA_PARTIDA, HORA_LLEGADA_PROGRAMADA,HORA_LLEGADA_REAL, FECHA, SENTIDO)  
VALUES (19,8,10,'1030','1230',null,'01/03/2023','I');
INSERT INTO ET_TURNO (ID_TURNO_VIAJE, ID_CONDUCTOR, ID_BUS, HORA_PARTIDA, HORA_LLEGADA_PROGRAMADA,HORA_LLEGADA_REAL, FECHA, SENTIDO)  
VALUES (20,7,9,'1030','1230',null,'01/03/2023','V');
INSERT INTO ET_TURNO (ID_TURNO_VIAJE, ID_CONDUCTOR, ID_BUS, HORA_PARTIDA, HORA_LLEGADA_PROGRAMADA,HORA_LLEGADA_REAL, FECHA, SENTIDO)  
VALUES (21,10,1,'1100','1300',null,'01/03/2023','I');
INSERT INTO ET_TURNO (ID_TURNO_VIAJE, ID_CONDUCTOR, ID_BUS, HORA_PARTIDA, HORA_LLEGADA_PROGRAMADA,HORA_LLEGADA_REAL, FECHA, SENTIDO)  
VALUES (22,9,2,'1100','1300',null,'01/03/2023','V');
INSERT INTO ET_TURNO (ID_TURNO_VIAJE, ID_CONDUCTOR, ID_BUS, HORA_PARTIDA, HORA_LLEGADA_PROGRAMADA,HORA_LLEGADA_REAL, FECHA, SENTIDO)  
VALUES (23,12,3,'1130','1330',null,'01/03/2023','I');
INSERT INTO ET_TURNO (ID_TURNO_VIAJE, ID_CONDUCTOR, ID_BUS, HORA_PARTIDA, HORA_LLEGADA_PROGRAMADA,HORA_LLEGADA_REAL, FECHA, SENTIDO)  
VALUES (24,11,4,'1130','1330',null,'01/03/2023','V');
INSERT INTO ET_TURNO (ID_TURNO_VIAJE, ID_CONDUCTOR, ID_BUS, HORA_PARTIDA, HORA_LLEGADA_PROGRAMADA,HORA_LLEGADA_REAL, FECHA, SENTIDO)  
VALUES (25,1,5,'1200','1400',null,'01/03/2023','I');
INSERT INTO ET_TURNO (ID_TURNO_VIAJE, ID_CONDUCTOR, ID_BUS, HORA_PARTIDA, HORA_LLEGADA_PROGRAMADA,HORA_LLEGADA_REAL, FECHA, SENTIDO)  
VALUES (26,2,6,'1200','1400',null,'01/03/2023','V');
INSERT INTO ET_TURNO (ID_TURNO_VIAJE, ID_CONDUCTOR, ID_BUS, HORA_PARTIDA, HORA_LLEGADA_PROGRAMADA,HORA_LLEGADA_REAL, FECHA, SENTIDO)  
VALUES (27,3,7,'1230','1430',null,'01/03/2023','I');
INSERT INTO ET_TURNO (ID_TURNO_VIAJE, ID_CONDUCTOR, ID_BUS, HORA_PARTIDA, HORA_LLEGADA_PROGRAMADA,HORA_LLEGADA_REAL, FECHA, SENTIDO)  
VALUES (28,4,8,'1230','1430',null,'01/03/2023','V');
INSERT INTO ET_TURNO (ID_TURNO_VIAJE, ID_CONDUCTOR, ID_BUS, HORA_PARTIDA, HORA_LLEGADA_PROGRAMADA,HORA_LLEGADA_REAL, FECHA, SENTIDO)  
VALUES (29,5,9,'1300','1500',null,'01/03/2023','I');
INSERT INTO ET_TURNO (ID_TURNO_VIAJE, ID_CONDUCTOR, ID_BUS, HORA_PARTIDA, HORA_LLEGADA_PROGRAMADA,HORA_LLEGADA_REAL, FECHA, SENTIDO)  
VALUES (30,6,10,'1300','1500',null,'01/03/2023','V');
INSERT INTO ET_TURNO (ID_TURNO_VIAJE, ID_CONDUCTOR, ID_BUS, HORA_PARTIDA, HORA_LLEGADA_PROGRAMADA,HORA_LLEGADA_REAL, FECHA, SENTIDO)  
VALUES (31,7,2,'1330','1530',null,'01/03/2023','I');
INSERT INTO ET_TURNO (ID_TURNO_VIAJE, ID_CONDUCTOR, ID_BUS, HORA_PARTIDA, HORA_LLEGADA_PROGRAMADA,HORA_LLEGADA_REAL, FECHA, SENTIDO)  
VALUES (32,8,1,'1330','1530',null,'01/03/2023','V');
INSERT INTO ET_TURNO (ID_TURNO_VIAJE, ID_CONDUCTOR, ID_BUS, HORA_PARTIDA, HORA_LLEGADA_PROGRAMADA,HORA_LLEGADA_REAL, FECHA, SENTIDO)  
VALUES (33,9,4,'1400','1600',null,'01/03/2023','I');
INSERT INTO ET_TURNO (ID_TURNO_VIAJE, ID_CONDUCTOR, ID_BUS, HORA_PARTIDA, HORA_LLEGADA_PROGRAMADA,HORA_LLEGADA_REAL, FECHA, SENTIDO)  
VALUES (34,10,3,'1400','1600',null,'01/03/2023','V');
INSERT INTO ET_TURNO (ID_TURNO_VIAJE, ID_CONDUCTOR, ID_BUS, HORA_PARTIDA, HORA_LLEGADA_PROGRAMADA,HORA_LLEGADA_REAL, FECHA, SENTIDO)  
VALUES (35,11,6,'1430','1630',null,'01/03/2023','I');
INSERT INTO ET_TURNO (ID_TURNO_VIAJE, ID_CONDUCTOR, ID_BUS, HORA_PARTIDA, HORA_LLEGADA_PROGRAMADA,HORA_LLEGADA_REAL, FECHA, SENTIDO)  
VALUES (36,12,5,'1430','1630',null,'01/03/2023','V');
INSERT INTO ET_TURNO (ID_TURNO_VIAJE, ID_CONDUCTOR, ID_BUS, HORA_PARTIDA, HORA_LLEGADA_PROGRAMADA,HORA_LLEGADA_REAL, FECHA, SENTIDO)  
VALUES (37,2,8,'1500','1700',null,'01/03/2023','I');
INSERT INTO ET_TURNO (ID_TURNO_VIAJE, ID_CONDUCTOR, ID_BUS, HORA_PARTIDA, HORA_LLEGADA_PROGRAMADA,HORA_LLEGADA_REAL, FECHA, SENTIDO)  
VALUES (38,1,7,'1500','1700',null,'01/03/2023','V');
INSERT INTO ET_TURNO (ID_TURNO_VIAJE, ID_CONDUCTOR, ID_BUS, HORA_PARTIDA, HORA_LLEGADA_PROGRAMADA,HORA_LLEGADA_REAL, FECHA, SENTIDO)  
VALUES (39,4,10,'1530','1730',null,'01/03/2023','I');
INSERT INTO ET_TURNO (ID_TURNO_VIAJE, ID_CONDUCTOR, ID_BUS, HORA_PARTIDA, HORA_LLEGADA_PROGRAMADA,HORA_LLEGADA_REAL, FECHA, SENTIDO)  
VALUES (40,3,9,'1530','1730',null,'01/03/2023','V');
INSERT INTO ET_TURNO (ID_TURNO_VIAJE, ID_CONDUCTOR, ID_BUS, HORA_PARTIDA, HORA_LLEGADA_PROGRAMADA,HORA_LLEGADA_REAL, FECHA, SENTIDO)  
VALUES (41,6,1,'1600','1800',null,'01/03/2023','I');
INSERT INTO ET_TURNO (ID_TURNO_VIAJE, ID_CONDUCTOR, ID_BUS, HORA_PARTIDA, HORA_LLEGADA_PROGRAMADA,HORA_LLEGADA_REAL, FECHA, SENTIDO)  
VALUES (42,5,2,'1600','1800',null,'01/03/2023','V');
INSERT INTO ET_TURNO (ID_TURNO_VIAJE, ID_CONDUCTOR, ID_BUS, HORA_PARTIDA, HORA_LLEGADA_PROGRAMADA,HORA_LLEGADA_REAL, FECHA, SENTIDO)  
VALUES (43,8,3,'1630','1830',null,'01/03/2023','I');
INSERT INTO ET_TURNO (ID_TURNO_VIAJE, ID_CONDUCTOR, ID_BUS, HORA_PARTIDA, HORA_LLEGADA_PROGRAMADA,HORA_LLEGADA_REAL, FECHA, SENTIDO)  
VALUES (44,7,4,'1630','1830',null,'01/03/2023','V');
INSERT INTO ET_TURNO (ID_TURNO_VIAJE, ID_CONDUCTOR, ID_BUS, HORA_PARTIDA, HORA_LLEGADA_PROGRAMADA,HORA_LLEGADA_REAL, FECHA, SENTIDO)  
VALUES (45,10,5,'1700','1900',null,'01/03/2023','I');
INSERT INTO ET_TURNO (ID_TURNO_VIAJE, ID_CONDUCTOR, ID_BUS, HORA_PARTIDA, HORA_LLEGADA_PROGRAMADA,HORA_LLEGADA_REAL, FECHA, SENTIDO)  
VALUES (46,9,6,'1700','1900',null,'01/03/2023','V');
INSERT INTO ET_TURNO (ID_TURNO_VIAJE, ID_CONDUCTOR, ID_BUS, HORA_PARTIDA, HORA_LLEGADA_PROGRAMADA,HORA_LLEGADA_REAL, FECHA, SENTIDO)  
VALUES (47,12,7,'1730','1930',null,'01/03/2023','I');
INSERT INTO ET_TURNO (ID_TURNO_VIAJE, ID_CONDUCTOR, ID_BUS, HORA_PARTIDA, HORA_LLEGADA_PROGRAMADA,HORA_LLEGADA_REAL, FECHA, SENTIDO)  
VALUES (48,11,8,'1730','1930',null,'01/03/2023','V');
INSERT INTO ET_TURNO (ID_TURNO_VIAJE, ID_CONDUCTOR, ID_BUS, HORA_PARTIDA, HORA_LLEGADA_PROGRAMADA,HORA_LLEGADA_REAL, FECHA, SENTIDO)  
VALUES (49,1,9,'1800','2000',null,'01/03/2023','I');
INSERT INTO ET_TURNO (ID_TURNO_VIAJE, ID_CONDUCTOR, ID_BUS, HORA_PARTIDA, HORA_LLEGADA_PROGRAMADA,HORA_LLEGADA_REAL, FECHA, SENTIDO)  
VALUES (50,2,10,'1800','2000',null,'01/03/2023','V');
INSERT INTO ET_TURNO (ID_TURNO_VIAJE, ID_CONDUCTOR, ID_BUS, HORA_PARTIDA, HORA_LLEGADA_PROGRAMADA,HORA_LLEGADA_REAL, FECHA, SENTIDO)  
VALUES (51,3,2,'1830','2030',null,'01/03/2023','I');
INSERT INTO ET_TURNO (ID_TURNO_VIAJE, ID_CONDUCTOR, ID_BUS, HORA_PARTIDA, HORA_LLEGADA_PROGRAMADA,HORA_LLEGADA_REAL, FECHA, SENTIDO)  
VALUES (52,4,1,'1830','2030',null,'01/03/2023','V');
INSERT INTO ET_TURNO (ID_TURNO_VIAJE, ID_CONDUCTOR, ID_BUS, HORA_PARTIDA, HORA_LLEGADA_PROGRAMADA,HORA_LLEGADA_REAL, FECHA, SENTIDO)  
VALUES (53,5,4,'1900','2100',null,'01/03/2023','I');
INSERT INTO ET_TURNO (ID_TURNO_VIAJE, ID_CONDUCTOR, ID_BUS, HORA_PARTIDA, HORA_LLEGADA_PROGRAMADA,HORA_LLEGADA_REAL, FECHA, SENTIDO)  
VALUES (54,6,3,'1900','2100',null,'01/03/2023','V');
INSERT INTO ET_TURNO (ID_TURNO_VIAJE, ID_CONDUCTOR, ID_BUS, HORA_PARTIDA, HORA_LLEGADA_PROGRAMADA,HORA_LLEGADA_REAL, FECHA, SENTIDO)  
VALUES (55,7,6,'1930','2130',null,'01/03/2023','I');
INSERT INTO ET_TURNO (ID_TURNO_VIAJE, ID_CONDUCTOR, ID_BUS, HORA_PARTIDA, HORA_LLEGADA_PROGRAMADA,HORA_LLEGADA_REAL, FECHA, SENTIDO)  
VALUES (56,8,5,'1930','2130',null,'01/03/2023','V');
INSERT INTO ET_TURNO (ID_TURNO_VIAJE, ID_CONDUCTOR, ID_BUS, HORA_PARTIDA, HORA_LLEGADA_PROGRAMADA,HORA_LLEGADA_REAL, FECHA, SENTIDO)  
VALUES (57,9,8,'2000','2200',null,'01/03/2023','I');
INSERT INTO ET_TURNO (ID_TURNO_VIAJE, ID_CONDUCTOR, ID_BUS, HORA_PARTIDA, HORA_LLEGADA_PROGRAMADA,HORA_LLEGADA_REAL, FECHA, SENTIDO)  
VALUES (58,10,7,'2000','2200',null,'01/03/2023','V');
INSERT INTO ET_TURNO (ID_TURNO_VIAJE, ID_CONDUCTOR, ID_BUS, HORA_PARTIDA, HORA_LLEGADA_PROGRAMADA,HORA_LLEGADA_REAL, FECHA, SENTIDO)  
VALUES (59,11,10,'2030','2230',null,'01/03/2023','I');
INSERT INTO ET_TURNO (ID_TURNO_VIAJE, ID_CONDUCTOR, ID_BUS, HORA_PARTIDA, HORA_LLEGADA_PROGRAMADA,HORA_LLEGADA_REAL, FECHA, SENTIDO)  
VALUES (60,12,9,'2030','2230',null,'01/03/2023','V');
INSERT INTO ET_TURNO (ID_TURNO_VIAJE, ID_CONDUCTOR, ID_BUS, HORA_PARTIDA, HORA_LLEGADA_PROGRAMADA,HORA_LLEGADA_REAL, FECHA, SENTIDO)  
VALUES (61,1,1,'6:00','8:00',null,'01/04/2023','I');
INSERT INTO ET_TURNO (ID_TURNO_VIAJE, ID_CONDUCTOR, ID_BUS, HORA_PARTIDA, HORA_LLEGADA_PROGRAMADA,HORA_LLEGADA_REAL, FECHA, SENTIDO)  
VALUES (62,2,2,'6:00','8:00',null,'01/04/2023','V');
INSERT INTO ET_TURNO (ID_TURNO_VIAJE, ID_CONDUCTOR, ID_BUS, HORA_PARTIDA, HORA_LLEGADA_PROGRAMADA,HORA_LLEGADA_REAL, FECHA, SENTIDO)  
VALUES (63,3,3,'6:30','8:30',null,'01/04/2023','I');
INSERT INTO ET_TURNO (ID_TURNO_VIAJE, ID_CONDUCTOR, ID_BUS, HORA_PARTIDA, HORA_LLEGADA_PROGRAMADA,HORA_LLEGADA_REAL, FECHA, SENTIDO)  
VALUES (64,4,4,'6:30','8:30',null,'01/04/2023','V');
INSERT INTO ET_TURNO (ID_TURNO_VIAJE, ID_CONDUCTOR, ID_BUS, HORA_PARTIDA, HORA_LLEGADA_PROGRAMADA,HORA_LLEGADA_REAL, FECHA, SENTIDO)  
VALUES (65,5,5,'7:00','9:00',null,'01/04/2023','I');
INSERT INTO ET_TURNO (ID_TURNO_VIAJE, ID_CONDUCTOR, ID_BUS, HORA_PARTIDA, HORA_LLEGADA_PROGRAMADA,HORA_LLEGADA_REAL, FECHA, SENTIDO)  
VALUES (66,6,6,'7:00','9:00',null,'01/04/2023','V');
INSERT INTO ET_TURNO (ID_TURNO_VIAJE, ID_CONDUCTOR, ID_BUS, HORA_PARTIDA, HORA_LLEGADA_PROGRAMADA,HORA_LLEGADA_REAL, FECHA, SENTIDO)  
VALUES (67,7,7,'7:30','9:30',null,'01/04/2023','I');
INSERT INTO ET_TURNO (ID_TURNO_VIAJE, ID_CONDUCTOR, ID_BUS, HORA_PARTIDA, HORA_LLEGADA_PROGRAMADA,HORA_LLEGADA_REAL, FECHA, SENTIDO)  
VALUES (68,8,8,'7:30','9:30',null,'01/04/2023','V');
INSERT INTO ET_TURNO (ID_TURNO_VIAJE, ID_CONDUCTOR, ID_BUS, HORA_PARTIDA, HORA_LLEGADA_PROGRAMADA,HORA_LLEGADA_REAL, FECHA, SENTIDO)  
VALUES (69,9,9,'0800','1000',null,'01/04/2023','I');
INSERT INTO ET_TURNO (ID_TURNO_VIAJE, ID_CONDUCTOR, ID_BUS, HORA_PARTIDA, HORA_LLEGADA_PROGRAMADA,HORA_LLEGADA_REAL, FECHA, SENTIDO)  
VALUES (70,10,10,'0800','1000',null,'01/04/2023','V');
INSERT INTO ET_TURNO (ID_TURNO_VIAJE, ID_CONDUCTOR, ID_BUS, HORA_PARTIDA, HORA_LLEGADA_PROGRAMADA,HORA_LLEGADA_REAL, FECHA, SENTIDO)  
VALUES (71,11,2,'0830','1030',null,'01/04/2023','I');
INSERT INTO ET_TURNO (ID_TURNO_VIAJE, ID_CONDUCTOR, ID_BUS, HORA_PARTIDA, HORA_LLEGADA_PROGRAMADA,HORA_LLEGADA_REAL, FECHA, SENTIDO)  
VALUES (72,12,1,'0830','1030',null,'01/04/2023','V');
INSERT INTO ET_TURNO (ID_TURNO_VIAJE, ID_CONDUCTOR, ID_BUS, HORA_PARTIDA, HORA_LLEGADA_PROGRAMADA,HORA_LLEGADA_REAL, FECHA, SENTIDO)  
VALUES (73,2,4,'0900','1100',null,'01/04/2023','I');
INSERT INTO ET_TURNO (ID_TURNO_VIAJE, ID_CONDUCTOR, ID_BUS, HORA_PARTIDA, HORA_LLEGADA_PROGRAMADA,HORA_LLEGADA_REAL, FECHA, SENTIDO)  
VALUES (74,1,3,'0900','1100',null,'01/04/2023','V');
INSERT INTO ET_TURNO (ID_TURNO_VIAJE, ID_CONDUCTOR, ID_BUS, HORA_PARTIDA, HORA_LLEGADA_PROGRAMADA,HORA_LLEGADA_REAL, FECHA, SENTIDO)  
VALUES (75,4,6,'0930','1030',null,'01/04/2023','I');
INSERT INTO ET_TURNO (ID_TURNO_VIAJE, ID_CONDUCTOR, ID_BUS, HORA_PARTIDA, HORA_LLEGADA_PROGRAMADA,HORA_LLEGADA_REAL, FECHA, SENTIDO)  
VALUES (76,3,5,'0930','1030',null,'01/04/2023','V');
INSERT INTO ET_TURNO (ID_TURNO_VIAJE, ID_CONDUCTOR, ID_BUS, HORA_PARTIDA, HORA_LLEGADA_PROGRAMADA,HORA_LLEGADA_REAL, FECHA, SENTIDO)  
VALUES (77,6,8,'1000','1200',null,'01/04/2023','I');
INSERT INTO ET_TURNO (ID_TURNO_VIAJE, ID_CONDUCTOR, ID_BUS, HORA_PARTIDA, HORA_LLEGADA_PROGRAMADA,HORA_LLEGADA_REAL, FECHA, SENTIDO)  
VALUES (78,5,7,'1000','1200',null,'01/04/2023','V');
INSERT INTO ET_TURNO (ID_TURNO_VIAJE, ID_CONDUCTOR, ID_BUS, HORA_PARTIDA, HORA_LLEGADA_PROGRAMADA,HORA_LLEGADA_REAL, FECHA, SENTIDO)  
VALUES (79,8,10,'1030','1230',null,'01/04/2023','I');
INSERT INTO ET_TURNO (ID_TURNO_VIAJE, ID_CONDUCTOR, ID_BUS, HORA_PARTIDA, HORA_LLEGADA_PROGRAMADA,HORA_LLEGADA_REAL, FECHA, SENTIDO)  
VALUES (80,7,9,'1030','1230',null,'01/04/2023','V');
INSERT INTO ET_TURNO (ID_TURNO_VIAJE, ID_CONDUCTOR, ID_BUS, HORA_PARTIDA, HORA_LLEGADA_PROGRAMADA,HORA_LLEGADA_REAL, FECHA, SENTIDO)  
VALUES (81,10,1,'1100','1300',null,'01/04/2023','I');
INSERT INTO ET_TURNO (ID_TURNO_VIAJE, ID_CONDUCTOR, ID_BUS, HORA_PARTIDA, HORA_LLEGADA_PROGRAMADA,HORA_LLEGADA_REAL, FECHA, SENTIDO)  
VALUES (82,9,2,'1100','1300',null,'01/04/2023','V');
INSERT INTO ET_TURNO (ID_TURNO_VIAJE, ID_CONDUCTOR, ID_BUS, HORA_PARTIDA, HORA_LLEGADA_PROGRAMADA,HORA_LLEGADA_REAL, FECHA, SENTIDO)  
VALUES (83,12,3,'1130','1330',null,'01/04/2023','I');
INSERT INTO ET_TURNO (ID_TURNO_VIAJE, ID_CONDUCTOR, ID_BUS, HORA_PARTIDA, HORA_LLEGADA_PROGRAMADA,HORA_LLEGADA_REAL, FECHA, SENTIDO)  
VALUES (84,11,4,'1130','1330',null,'01/04/2023','V');
INSERT INTO ET_TURNO (ID_TURNO_VIAJE, ID_CONDUCTOR, ID_BUS, HORA_PARTIDA, HORA_LLEGADA_PROGRAMADA,HORA_LLEGADA_REAL, FECHA, SENTIDO)  
VALUES (85,1,5,'1200','1400',null,'01/04/2023','I');
INSERT INTO ET_TURNO (ID_TURNO_VIAJE, ID_CONDUCTOR, ID_BUS, HORA_PARTIDA, HORA_LLEGADA_PROGRAMADA,HORA_LLEGADA_REAL, FECHA, SENTIDO)  
VALUES (86,2,6,'1200','1400',null,'01/04/2023','V');
INSERT INTO ET_TURNO (ID_TURNO_VIAJE, ID_CONDUCTOR, ID_BUS, HORA_PARTIDA, HORA_LLEGADA_PROGRAMADA,HORA_LLEGADA_REAL, FECHA, SENTIDO)  
VALUES (87,3,7,'1230','1430',null,'01/04/2023','I');
INSERT INTO ET_TURNO (ID_TURNO_VIAJE, ID_CONDUCTOR, ID_BUS, HORA_PARTIDA, HORA_LLEGADA_PROGRAMADA,HORA_LLEGADA_REAL, FECHA, SENTIDO)  
VALUES (88,4,8,'1230','1430',null,'01/04/2023','V');
INSERT INTO ET_TURNO (ID_TURNO_VIAJE, ID_CONDUCTOR, ID_BUS, HORA_PARTIDA, HORA_LLEGADA_PROGRAMADA,HORA_LLEGADA_REAL, FECHA, SENTIDO)  
VALUES (89,5,9,'1300','1500',null,'01/04/2023','I');
INSERT INTO ET_TURNO (ID_TURNO_VIAJE, ID_CONDUCTOR, ID_BUS, HORA_PARTIDA, HORA_LLEGADA_PROGRAMADA,HORA_LLEGADA_REAL, FECHA, SENTIDO)  
VALUES (90,6,10,'1300','1500',null,'01/04/2023','V');
INSERT INTO ET_TURNO (ID_TURNO_VIAJE, ID_CONDUCTOR, ID_BUS, HORA_PARTIDA, HORA_LLEGADA_PROGRAMADA,HORA_LLEGADA_REAL, FECHA, SENTIDO)  
VALUES (91,7,2,'1330','1530',null,'01/04/2023','I');
INSERT INTO ET_TURNO (ID_TURNO_VIAJE, ID_CONDUCTOR, ID_BUS, HORA_PARTIDA, HORA_LLEGADA_PROGRAMADA,HORA_LLEGADA_REAL, FECHA, SENTIDO)  
VALUES (92,8,1,'1330','1530',null,'01/04/2023','V');
INSERT INTO ET_TURNO (ID_TURNO_VIAJE, ID_CONDUCTOR, ID_BUS, HORA_PARTIDA, HORA_LLEGADA_PROGRAMADA,HORA_LLEGADA_REAL, FECHA, SENTIDO)  
VALUES (93,9,4,'1400','1600',null,'01/04/2023','I');
INSERT INTO ET_TURNO (ID_TURNO_VIAJE, ID_CONDUCTOR, ID_BUS, HORA_PARTIDA, HORA_LLEGADA_PROGRAMADA,HORA_LLEGADA_REAL, FECHA, SENTIDO)  
VALUES (94,10,3,'1400','1600',null,'01/04/2023','V');
INSERT INTO ET_TURNO (ID_TURNO_VIAJE, ID_CONDUCTOR, ID_BUS, HORA_PARTIDA, HORA_LLEGADA_PROGRAMADA,HORA_LLEGADA_REAL, FECHA, SENTIDO)  
VALUES (95,11,6,'1430','1630',null,'01/04/2023','I');
INSERT INTO ET_TURNO (ID_TURNO_VIAJE, ID_CONDUCTOR, ID_BUS, HORA_PARTIDA, HORA_LLEGADA_PROGRAMADA,HORA_LLEGADA_REAL, FECHA, SENTIDO)  
VALUES (96,12,5,'1430','1630',null,'01/04/2023','V');
INSERT INTO ET_TURNO (ID_TURNO_VIAJE, ID_CONDUCTOR, ID_BUS, HORA_PARTIDA, HORA_LLEGADA_PROGRAMADA,HORA_LLEGADA_REAL, FECHA, SENTIDO)  
VALUES (97,2,8,'1500','1700',null,'01/04/2023','I');
INSERT INTO ET_TURNO (ID_TURNO_VIAJE, ID_CONDUCTOR, ID_BUS, HORA_PARTIDA, HORA_LLEGADA_PROGRAMADA,HORA_LLEGADA_REAL, FECHA, SENTIDO)  
VALUES (98,1,7,'1500','1700',null,'01/04/2023','V');
INSERT INTO ET_TURNO (ID_TURNO_VIAJE, ID_CONDUCTOR, ID_BUS, HORA_PARTIDA, HORA_LLEGADA_PROGRAMADA,HORA_LLEGADA_REAL, FECHA, SENTIDO)  
VALUES (99,4,10,'1530','1730',null,'01/04/2023','I');
INSERT INTO ET_TURNO (ID_TURNO_VIAJE, ID_CONDUCTOR, ID_BUS, HORA_PARTIDA, HORA_LLEGADA_PROGRAMADA,HORA_LLEGADA_REAL, FECHA, SENTIDO)  
VALUES (100,3,9,'1530','1730',null,'01/04/2023','V');
INSERT INTO ET_TURNO (ID_TURNO_VIAJE, ID_CONDUCTOR, ID_BUS, HORA_PARTIDA, HORA_LLEGADA_PROGRAMADA,HORA_LLEGADA_REAL, FECHA, SENTIDO)  
VALUES (101,6,1,'1600','1800',null,'01/04/2023','I');
INSERT INTO ET_TURNO (ID_TURNO_VIAJE, ID_CONDUCTOR, ID_BUS, HORA_PARTIDA, HORA_LLEGADA_PROGRAMADA,HORA_LLEGADA_REAL, FECHA, SENTIDO)  
VALUES (102,5,2,'1600','1800',null,'01/04/2023','V');
INSERT INTO ET_TURNO (ID_TURNO_VIAJE, ID_CONDUCTOR, ID_BUS, HORA_PARTIDA, HORA_LLEGADA_PROGRAMADA,HORA_LLEGADA_REAL, FECHA, SENTIDO)  
VALUES (103,8,3,'1630','1830',null,'01/04/2023','I');
INSERT INTO ET_TURNO (ID_TURNO_VIAJE, ID_CONDUCTOR, ID_BUS, HORA_PARTIDA, HORA_LLEGADA_PROGRAMADA,HORA_LLEGADA_REAL, FECHA, SENTIDO)  
VALUES (104,7,4,'1630','1830',null,'01/04/2023','V');
INSERT INTO ET_TURNO (ID_TURNO_VIAJE, ID_CONDUCTOR, ID_BUS, HORA_PARTIDA, HORA_LLEGADA_PROGRAMADA,HORA_LLEGADA_REAL, FECHA, SENTIDO)  
VALUES (105,10,5,'1700','1900',null,'01/04/2023','I');
INSERT INTO ET_TURNO (ID_TURNO_VIAJE, ID_CONDUCTOR, ID_BUS, HORA_PARTIDA, HORA_LLEGADA_PROGRAMADA,HORA_LLEGADA_REAL, FECHA, SENTIDO)  
VALUES (106,9,6,'1700','1900',null,'01/04/2023','V');
INSERT INTO ET_TURNO (ID_TURNO_VIAJE, ID_CONDUCTOR, ID_BUS, HORA_PARTIDA, HORA_LLEGADA_PROGRAMADA,HORA_LLEGADA_REAL, FECHA, SENTIDO)  
VALUES (107,12,7,'1730','1930',null,'01/04/2023','I');
INSERT INTO ET_TURNO (ID_TURNO_VIAJE, ID_CONDUCTOR, ID_BUS, HORA_PARTIDA, HORA_LLEGADA_PROGRAMADA,HORA_LLEGADA_REAL, FECHA, SENTIDO)  
VALUES (108,11,8,'1730','1930',null,'01/04/2023','V');
INSERT INTO ET_TURNO (ID_TURNO_VIAJE, ID_CONDUCTOR, ID_BUS, HORA_PARTIDA, HORA_LLEGADA_PROGRAMADA,HORA_LLEGADA_REAL, FECHA, SENTIDO)  
VALUES (109,1,9,'1800','2000',null,'01/04/2023','I');
INSERT INTO ET_TURNO (ID_TURNO_VIAJE, ID_CONDUCTOR, ID_BUS, HORA_PARTIDA, HORA_LLEGADA_PROGRAMADA,HORA_LLEGADA_REAL, FECHA, SENTIDO)  
VALUES (110,2,10,'1800','2000',null,'01/04/2023','V');
INSERT INTO ET_TURNO (ID_TURNO_VIAJE, ID_CONDUCTOR, ID_BUS, HORA_PARTIDA, HORA_LLEGADA_PROGRAMADA,HORA_LLEGADA_REAL, FECHA, SENTIDO)  
VALUES (111,3,2,'1830','2030',null,'01/04/2023','I');
INSERT INTO ET_TURNO (ID_TURNO_VIAJE, ID_CONDUCTOR, ID_BUS, HORA_PARTIDA, HORA_LLEGADA_PROGRAMADA,HORA_LLEGADA_REAL, FECHA, SENTIDO)  
VALUES (112,4,1,'1830','2030',null,'01/04/2023','V');
INSERT INTO ET_TURNO (ID_TURNO_VIAJE, ID_CONDUCTOR, ID_BUS, HORA_PARTIDA, HORA_LLEGADA_PROGRAMADA,HORA_LLEGADA_REAL, FECHA, SENTIDO)  
VALUES (113,5,4,'1900','2100',null,'01/04/2023','I');
INSERT INTO ET_TURNO (ID_TURNO_VIAJE, ID_CONDUCTOR, ID_BUS, HORA_PARTIDA, HORA_LLEGADA_PROGRAMADA,HORA_LLEGADA_REAL, FECHA, SENTIDO)  
VALUES (114,6,3,'1900','2100',null,'01/04/2023','V');
INSERT INTO ET_TURNO (ID_TURNO_VIAJE, ID_CONDUCTOR, ID_BUS, HORA_PARTIDA, HORA_LLEGADA_PROGRAMADA,HORA_LLEGADA_REAL, FECHA, SENTIDO)  
VALUES (115,7,6,'1930','2130',null,'01/04/2023','I');
INSERT INTO ET_TURNO (ID_TURNO_VIAJE, ID_CONDUCTOR, ID_BUS, HORA_PARTIDA, HORA_LLEGADA_PROGRAMADA,HORA_LLEGADA_REAL, FECHA, SENTIDO)  
VALUES (116,8,5,'1930','2130',null,'01/04/2023','V');
INSERT INTO ET_TURNO (ID_TURNO_VIAJE, ID_CONDUCTOR, ID_BUS, HORA_PARTIDA, HORA_LLEGADA_PROGRAMADA,HORA_LLEGADA_REAL, FECHA, SENTIDO)  
VALUES (117,9,8,'2000','2200',null,'01/04/2023','I');
INSERT INTO ET_TURNO (ID_TURNO_VIAJE, ID_CONDUCTOR, ID_BUS, HORA_PARTIDA, HORA_LLEGADA_PROGRAMADA,HORA_LLEGADA_REAL, FECHA, SENTIDO)  
VALUES (118,10,7,'2000','2200',null,'01/04/2023','V');
INSERT INTO ET_TURNO (ID_TURNO_VIAJE, ID_CONDUCTOR, ID_BUS, HORA_PARTIDA, HORA_LLEGADA_PROGRAMADA,HORA_LLEGADA_REAL, FECHA, SENTIDO)  
VALUES (119,11,10,'2030','2230',null,'01/04/2023','I');
INSERT INTO ET_TURNO (ID_TURNO_VIAJE, ID_CONDUCTOR, ID_BUS, HORA_PARTIDA, HORA_LLEGADA_PROGRAMADA,HORA_LLEGADA_REAL, FECHA, SENTIDO)  
VALUES (120,12,9,'2030','2230',null,'01/04/2023','V');


INSERT INTO ET_TURNO_PARADERO (ID_TURNO, ID_PARADERO, HORA_LLEGADA, PASAJEROS_SUBIDA, PASAJEROS_BAJADA)  VALUES (120,1,NULL,0,30);
INSERT INTO ET_TURNO_PARADERO (ID_TURNO, ID_PARADERO, HORA_LLEGADA, PASAJEROS_SUBIDA, PASAJEROS_BAJADA)  VALUES (120,2,NULL,0,15);
INSERT INTO ET_TURNO_PARADERO (ID_TURNO, ID_PARADERO, HORA_LLEGADA, PASAJEROS_SUBIDA, PASAJEROS_BAJADA)  VALUES (120,3,NULL,10,3);
INSERT INTO ET_TURNO_PARADERO (ID_TURNO, ID_PARADERO, HORA_LLEGADA, PASAJEROS_SUBIDA, PASAJEROS_BAJADA)  VALUES (120,4,NULL,0,5);
INSERT INTO ET_TURNO_PARADERO (ID_TURNO, ID_PARADERO, HORA_LLEGADA, PASAJEROS_SUBIDA, PASAJEROS_BAJADA)  VALUES (120,6,NULL,0,2);
INSERT INTO ET_TURNO_PARADERO (ID_TURNO, ID_PARADERO, HORA_LLEGADA, PASAJEROS_SUBIDA, PASAJEROS_BAJADA)  VALUES (120,8,NULL,10,0);
INSERT INTO ET_TURNO_PARADERO (ID_TURNO, ID_PARADERO, HORA_LLEGADA, PASAJEROS_SUBIDA, PASAJEROS_BAJADA)  VALUES (120,9,NULL,15,5);
INSERT INTO ET_TURNO_PARADERO (ID_TURNO, ID_PARADERO, HORA_LLEGADA, PASAJEROS_SUBIDA, PASAJEROS_BAJADA)  VALUES (120,10,NULL,5,0);
INSERT INTO ET_TURNO_PARADERO (ID_TURNO, ID_PARADERO, HORA_LLEGADA, PASAJEROS_SUBIDA, PASAJEROS_BAJADA)  VALUES (120,11,NULL,5,0);
INSERT INTO ET_TURNO_PARADERO (ID_TURNO, ID_PARADERO, HORA_LLEGADA, PASAJEROS_SUBIDA, PASAJEROS_BAJADA)  VALUES (120,13,NULL,15,0);
INSERT INTO ET_TURNO_PARADERO (ID_TURNO, ID_PARADERO, HORA_LLEGADA, PASAJEROS_SUBIDA, PASAJEROS_BAJADA)  VALUES (110,1,NULL,0,30);
INSERT INTO ET_TURNO_PARADERO (ID_TURNO, ID_PARADERO, HORA_LLEGADA, PASAJEROS_SUBIDA, PASAJEROS_BAJADA)  VALUES (110,2,NULL,0,15);
INSERT INTO ET_TURNO_PARADERO (ID_TURNO, ID_PARADERO, HORA_LLEGADA, PASAJEROS_SUBIDA, PASAJEROS_BAJADA)  VALUES (110,3,NULL,10,3);
INSERT INTO ET_TURNO_PARADERO (ID_TURNO, ID_PARADERO, HORA_LLEGADA, PASAJEROS_SUBIDA, PASAJEROS_BAJADA)  VALUES (110,4,NULL,0,5);
INSERT INTO ET_TURNO_PARADERO (ID_TURNO, ID_PARADERO, HORA_LLEGADA, PASAJEROS_SUBIDA, PASAJEROS_BAJADA)  VALUES (110,6,NULL,0,2);
INSERT INTO ET_TURNO_PARADERO (ID_TURNO, ID_PARADERO, HORA_LLEGADA, PASAJEROS_SUBIDA, PASAJEROS_BAJADA)  VALUES (110,8,NULL,10,0);
INSERT INTO ET_TURNO_PARADERO (ID_TURNO, ID_PARADERO, HORA_LLEGADA, PASAJEROS_SUBIDA, PASAJEROS_BAJADA)  VALUES (110,9,NULL,15,5);
INSERT INTO ET_TURNO_PARADERO (ID_TURNO, ID_PARADERO, HORA_LLEGADA, PASAJEROS_SUBIDA, PASAJEROS_BAJADA)  VALUES (110,10,NULL,5,0);
INSERT INTO ET_TURNO_PARADERO (ID_TURNO, ID_PARADERO, HORA_LLEGADA, PASAJEROS_SUBIDA, PASAJEROS_BAJADA)  VALUES (110,11,NULL,5,0);
INSERT INTO ET_TURNO_PARADERO (ID_TURNO, ID_PARADERO, HORA_LLEGADA, PASAJEROS_SUBIDA, PASAJEROS_BAJADA)  VALUES (110,13,NULL,15,0);
INSERT INTO ET_TURNO_PARADERO (ID_TURNO, ID_PARADERO, HORA_LLEGADA, PASAJEROS_SUBIDA, PASAJEROS_BAJADA)  VALUES (108,1,NULL,0,30);
INSERT INTO ET_TURNO_PARADERO (ID_TURNO, ID_PARADERO, HORA_LLEGADA, PASAJEROS_SUBIDA, PASAJEROS_BAJADA)  VALUES (108,2,NULL,0,15);
INSERT INTO ET_TURNO_PARADERO (ID_TURNO, ID_PARADERO, HORA_LLEGADA, PASAJEROS_SUBIDA, PASAJEROS_BAJADA)  VALUES (108,3,NULL,10,3);
INSERT INTO ET_TURNO_PARADERO (ID_TURNO, ID_PARADERO, HORA_LLEGADA, PASAJEROS_SUBIDA, PASAJEROS_BAJADA)  VALUES (108,4,NULL,0,5);
INSERT INTO ET_TURNO_PARADERO (ID_TURNO, ID_PARADERO, HORA_LLEGADA, PASAJEROS_SUBIDA, PASAJEROS_BAJADA)  VALUES (108,6,NULL,0,2);
INSERT INTO ET_TURNO_PARADERO (ID_TURNO, ID_PARADERO, HORA_LLEGADA, PASAJEROS_SUBIDA, PASAJEROS_BAJADA)  VALUES (108,8,NULL,10,0);
INSERT INTO ET_TURNO_PARADERO (ID_TURNO, ID_PARADERO, HORA_LLEGADA, PASAJEROS_SUBIDA, PASAJEROS_BAJADA)  VALUES (108,9,NULL,15,5);
INSERT INTO ET_TURNO_PARADERO (ID_TURNO, ID_PARADERO, HORA_LLEGADA, PASAJEROS_SUBIDA, PASAJEROS_BAJADA)  VALUES (108,10,NULL,5,0);
INSERT INTO ET_TURNO_PARADERO (ID_TURNO, ID_PARADERO, HORA_LLEGADA, PASAJEROS_SUBIDA, PASAJEROS_BAJADA)  VALUES (108,11,NULL,5,0);
INSERT INTO ET_TURNO_PARADERO (ID_TURNO, ID_PARADERO, HORA_LLEGADA, PASAJEROS_SUBIDA, PASAJEROS_BAJADA)  VALUES (108,13,NULL,15,0);
INSERT INTO ET_TURNO_PARADERO (ID_TURNO, ID_PARADERO, HORA_LLEGADA, PASAJEROS_SUBIDA, PASAJEROS_BAJADA)  VALUES (98,1,NULL,0,30);
INSERT INTO ET_TURNO_PARADERO (ID_TURNO, ID_PARADERO, HORA_LLEGADA, PASAJEROS_SUBIDA, PASAJEROS_BAJADA)  VALUES (98,2,NULL,0,15);
INSERT INTO ET_TURNO_PARADERO (ID_TURNO, ID_PARADERO, HORA_LLEGADA, PASAJEROS_SUBIDA, PASAJEROS_BAJADA)  VALUES (98,3,NULL,10,3);
INSERT INTO ET_TURNO_PARADERO (ID_TURNO, ID_PARADERO, HORA_LLEGADA, PASAJEROS_SUBIDA, PASAJEROS_BAJADA)  VALUES (98,4,NULL,0,5);
INSERT INTO ET_TURNO_PARADERO (ID_TURNO, ID_PARADERO, HORA_LLEGADA, PASAJEROS_SUBIDA, PASAJEROS_BAJADA)  VALUES (98,6,NULL,0,2);
INSERT INTO ET_TURNO_PARADERO (ID_TURNO, ID_PARADERO, HORA_LLEGADA, PASAJEROS_SUBIDA, PASAJEROS_BAJADA)  VALUES (98,8,NULL,10,0);
INSERT INTO ET_TURNO_PARADERO (ID_TURNO, ID_PARADERO, HORA_LLEGADA, PASAJEROS_SUBIDA, PASAJEROS_BAJADA)  VALUES (98,9,NULL,15,5);
INSERT INTO ET_TURNO_PARADERO (ID_TURNO, ID_PARADERO, HORA_LLEGADA, PASAJEROS_SUBIDA, PASAJEROS_BAJADA)  VALUES (98,10,NULL,5,0);
INSERT INTO ET_TURNO_PARADERO (ID_TURNO, ID_PARADERO, HORA_LLEGADA, PASAJEROS_SUBIDA, PASAJEROS_BAJADA)  VALUES (98,11,NULL,5,0);
INSERT INTO ET_TURNO_PARADERO (ID_TURNO, ID_PARADERO, HORA_LLEGADA, PASAJEROS_SUBIDA, PASAJEROS_BAJADA)  VALUES (98,13,NULL,15,0);
INSERT INTO ET_TURNO_PARADERO (ID_TURNO, ID_PARADERO, HORA_LLEGADA, PASAJEROS_SUBIDA, PASAJEROS_BAJADA)  VALUES (86,1,NULL,0,30);
INSERT INTO ET_TURNO_PARADERO (ID_TURNO, ID_PARADERO, HORA_LLEGADA, PASAJEROS_SUBIDA, PASAJEROS_BAJADA)  VALUES (86,2,NULL,0,15);
INSERT INTO ET_TURNO_PARADERO (ID_TURNO, ID_PARADERO, HORA_LLEGADA, PASAJEROS_SUBIDA, PASAJEROS_BAJADA)  VALUES (86,3,NULL,10,3);
INSERT INTO ET_TURNO_PARADERO (ID_TURNO, ID_PARADERO, HORA_LLEGADA, PASAJEROS_SUBIDA, PASAJEROS_BAJADA)  VALUES (86,4,NULL,0,5);
INSERT INTO ET_TURNO_PARADERO (ID_TURNO, ID_PARADERO, HORA_LLEGADA, PASAJEROS_SUBIDA, PASAJEROS_BAJADA)  VALUES (86,6,NULL,0,2);
INSERT INTO ET_TURNO_PARADERO (ID_TURNO, ID_PARADERO, HORA_LLEGADA, PASAJEROS_SUBIDA, PASAJEROS_BAJADA)  VALUES (86,8,NULL,10,0);
INSERT INTO ET_TURNO_PARADERO (ID_TURNO, ID_PARADERO, HORA_LLEGADA, PASAJEROS_SUBIDA, PASAJEROS_BAJADA)  VALUES (86,9,NULL,15,5);
INSERT INTO ET_TURNO_PARADERO (ID_TURNO, ID_PARADERO, HORA_LLEGADA, PASAJEROS_SUBIDA, PASAJEROS_BAJADA)  VALUES (86,10,NULL,5,0);
INSERT INTO ET_TURNO_PARADERO (ID_TURNO, ID_PARADERO, HORA_LLEGADA, PASAJEROS_SUBIDA, PASAJEROS_BAJADA)  VALUES (86,11,NULL,5,0);
INSERT INTO ET_TURNO_PARADERO (ID_TURNO, ID_PARADERO, HORA_LLEGADA, PASAJEROS_SUBIDA, PASAJEROS_BAJADA)  VALUES (86,13,NULL,15,0);
INSERT INTO ET_TURNO_PARADERO (ID_TURNO, ID_PARADERO, HORA_LLEGADA, PASAJEROS_SUBIDA, PASAJEROS_BAJADA)  VALUES (76,1,NULL,0,30);
INSERT INTO ET_TURNO_PARADERO (ID_TURNO, ID_PARADERO, HORA_LLEGADA, PASAJEROS_SUBIDA, PASAJEROS_BAJADA)  VALUES (76,2,NULL,0,15);
INSERT INTO ET_TURNO_PARADERO (ID_TURNO, ID_PARADERO, HORA_LLEGADA, PASAJEROS_SUBIDA, PASAJEROS_BAJADA)  VALUES (76,3,NULL,10,3);
INSERT INTO ET_TURNO_PARADERO (ID_TURNO, ID_PARADERO, HORA_LLEGADA, PASAJEROS_SUBIDA, PASAJEROS_BAJADA)  VALUES (76,4,NULL,0,5);
INSERT INTO ET_TURNO_PARADERO (ID_TURNO, ID_PARADERO, HORA_LLEGADA, PASAJEROS_SUBIDA, PASAJEROS_BAJADA)  VALUES (76,6,NULL,0,2);
INSERT INTO ET_TURNO_PARADERO (ID_TURNO, ID_PARADERO, HORA_LLEGADA, PASAJEROS_SUBIDA, PASAJEROS_BAJADA)  VALUES (76,8,NULL,10,0);
INSERT INTO ET_TURNO_PARADERO (ID_TURNO, ID_PARADERO, HORA_LLEGADA, PASAJEROS_SUBIDA, PASAJEROS_BAJADA)  VALUES (76,9,NULL,15,5);
INSERT INTO ET_TURNO_PARADERO (ID_TURNO, ID_PARADERO, HORA_LLEGADA, PASAJEROS_SUBIDA, PASAJEROS_BAJADA)  VALUES (76,10,NULL,5,0);
INSERT INTO ET_TURNO_PARADERO (ID_TURNO, ID_PARADERO, HORA_LLEGADA, PASAJEROS_SUBIDA, PASAJEROS_BAJADA)  VALUES (76,11,NULL,5,0);
INSERT INTO ET_TURNO_PARADERO (ID_TURNO, ID_PARADERO, HORA_LLEGADA, PASAJEROS_SUBIDA, PASAJEROS_BAJADA)  VALUES (76,13,NULL,15,0);
INSERT INTO ET_TURNO_PARADERO (ID_TURNO, ID_PARADERO, HORA_LLEGADA, PASAJEROS_SUBIDA, PASAJEROS_BAJADA)  VALUES (64,1,NULL,0,30);
INSERT INTO ET_TURNO_PARADERO (ID_TURNO, ID_PARADERO, HORA_LLEGADA, PASAJEROS_SUBIDA, PASAJEROS_BAJADA)  VALUES (64,2,NULL,0,15);
INSERT INTO ET_TURNO_PARADERO (ID_TURNO, ID_PARADERO, HORA_LLEGADA, PASAJEROS_SUBIDA, PASAJEROS_BAJADA)  VALUES (64,3,NULL,10,3);
INSERT INTO ET_TURNO_PARADERO (ID_TURNO, ID_PARADERO, HORA_LLEGADA, PASAJEROS_SUBIDA, PASAJEROS_BAJADA)  VALUES (64,4,NULL,0,5);
INSERT INTO ET_TURNO_PARADERO (ID_TURNO, ID_PARADERO, HORA_LLEGADA, PASAJEROS_SUBIDA, PASAJEROS_BAJADA)  VALUES (64,6,NULL,0,2);
INSERT INTO ET_TURNO_PARADERO (ID_TURNO, ID_PARADERO, HORA_LLEGADA, PASAJEROS_SUBIDA, PASAJEROS_BAJADA)  VALUES (64,8,NULL,10,0);
INSERT INTO ET_TURNO_PARADERO (ID_TURNO, ID_PARADERO, HORA_LLEGADA, PASAJEROS_SUBIDA, PASAJEROS_BAJADA)  VALUES (64,9,NULL,15,5);
INSERT INTO ET_TURNO_PARADERO (ID_TURNO, ID_PARADERO, HORA_LLEGADA, PASAJEROS_SUBIDA, PASAJEROS_BAJADA)  VALUES (64,10,NULL,5,0);
INSERT INTO ET_TURNO_PARADERO (ID_TURNO, ID_PARADERO, HORA_LLEGADA, PASAJEROS_SUBIDA, PASAJEROS_BAJADA)  VALUES (64,11,NULL,5,0);
INSERT INTO ET_TURNO_PARADERO (ID_TURNO, ID_PARADERO, HORA_LLEGADA, PASAJEROS_SUBIDA, PASAJEROS_BAJADA)  VALUES (64,13,NULL,15,0);
INSERT INTO ET_TURNO_PARADERO (ID_TURNO, ID_PARADERO, HORA_LLEGADA, PASAJEROS_SUBIDA, PASAJEROS_BAJADA)  VALUES (54,1,NULL,0,30);
INSERT INTO ET_TURNO_PARADERO (ID_TURNO, ID_PARADERO, HORA_LLEGADA, PASAJEROS_SUBIDA, PASAJEROS_BAJADA)  VALUES (54,2,NULL,0,15);
INSERT INTO ET_TURNO_PARADERO (ID_TURNO, ID_PARADERO, HORA_LLEGADA, PASAJEROS_SUBIDA, PASAJEROS_BAJADA)  VALUES (54,3,NULL,10,3);
INSERT INTO ET_TURNO_PARADERO (ID_TURNO, ID_PARADERO, HORA_LLEGADA, PASAJEROS_SUBIDA, PASAJEROS_BAJADA)  VALUES (54,4,NULL,0,5);
INSERT INTO ET_TURNO_PARADERO (ID_TURNO, ID_PARADERO, HORA_LLEGADA, PASAJEROS_SUBIDA, PASAJEROS_BAJADA)  VALUES (54,6,NULL,0,2);
INSERT INTO ET_TURNO_PARADERO (ID_TURNO, ID_PARADERO, HORA_LLEGADA, PASAJEROS_SUBIDA, PASAJEROS_BAJADA)  VALUES (54,8,NULL,10,0);
INSERT INTO ET_TURNO_PARADERO (ID_TURNO, ID_PARADERO, HORA_LLEGADA, PASAJEROS_SUBIDA, PASAJEROS_BAJADA)  VALUES (54,9,NULL,15,5);
INSERT INTO ET_TURNO_PARADERO (ID_TURNO, ID_PARADERO, HORA_LLEGADA, PASAJEROS_SUBIDA, PASAJEROS_BAJADA)  VALUES (54,10,NULL,5,0);
INSERT INTO ET_TURNO_PARADERO (ID_TURNO, ID_PARADERO, HORA_LLEGADA, PASAJEROS_SUBIDA, PASAJEROS_BAJADA)  VALUES (54,11,NULL,5,0);
INSERT INTO ET_TURNO_PARADERO (ID_TURNO, ID_PARADERO, HORA_LLEGADA, PASAJEROS_SUBIDA, PASAJEROS_BAJADA)  VALUES (54,13,NULL,15,0);
INSERT INTO ET_TURNO_PARADERO (ID_TURNO, ID_PARADERO, HORA_LLEGADA, PASAJEROS_SUBIDA, PASAJEROS_BAJADA)  VALUES (42,1,NULL,0,30);
INSERT INTO ET_TURNO_PARADERO (ID_TURNO, ID_PARADERO, HORA_LLEGADA, PASAJEROS_SUBIDA, PASAJEROS_BAJADA)  VALUES (42,2,NULL,0,15);
INSERT INTO ET_TURNO_PARADERO (ID_TURNO, ID_PARADERO, HORA_LLEGADA, PASAJEROS_SUBIDA, PASAJEROS_BAJADA)  VALUES (42,3,NULL,10,3);
INSERT INTO ET_TURNO_PARADERO (ID_TURNO, ID_PARADERO, HORA_LLEGADA, PASAJEROS_SUBIDA, PASAJEROS_BAJADA)  VALUES (42,4,NULL,0,5);
INSERT INTO ET_TURNO_PARADERO (ID_TURNO, ID_PARADERO, HORA_LLEGADA, PASAJEROS_SUBIDA, PASAJEROS_BAJADA)  VALUES (42,6,NULL,0,2);
INSERT INTO ET_TURNO_PARADERO (ID_TURNO, ID_PARADERO, HORA_LLEGADA, PASAJEROS_SUBIDA, PASAJEROS_BAJADA)  VALUES (42,8,NULL,10,0);
INSERT INTO ET_TURNO_PARADERO (ID_TURNO, ID_PARADERO, HORA_LLEGADA, PASAJEROS_SUBIDA, PASAJEROS_BAJADA)  VALUES (42,9,NULL,15,5);
INSERT INTO ET_TURNO_PARADERO (ID_TURNO, ID_PARADERO, HORA_LLEGADA, PASAJEROS_SUBIDA, PASAJEROS_BAJADA)  VALUES (42,10,NULL,5,0);
INSERT INTO ET_TURNO_PARADERO (ID_TURNO, ID_PARADERO, HORA_LLEGADA, PASAJEROS_SUBIDA, PASAJEROS_BAJADA)  VALUES (42,11,NULL,5,0);
INSERT INTO ET_TURNO_PARADERO (ID_TURNO, ID_PARADERO, HORA_LLEGADA, PASAJEROS_SUBIDA, PASAJEROS_BAJADA)  VALUES (42,13,NULL,15,0);
INSERT INTO ET_TURNO_PARADERO (ID_TURNO, ID_PARADERO, HORA_LLEGADA, PASAJEROS_SUBIDA, PASAJEROS_BAJADA)  VALUES (32,1,NULL,0,30);
INSERT INTO ET_TURNO_PARADERO (ID_TURNO, ID_PARADERO, HORA_LLEGADA, PASAJEROS_SUBIDA, PASAJEROS_BAJADA)  VALUES (32,2,NULL,0,15);
INSERT INTO ET_TURNO_PARADERO (ID_TURNO, ID_PARADERO, HORA_LLEGADA, PASAJEROS_SUBIDA, PASAJEROS_BAJADA)  VALUES (32,3,NULL,10,3);
INSERT INTO ET_TURNO_PARADERO (ID_TURNO, ID_PARADERO, HORA_LLEGADA, PASAJEROS_SUBIDA, PASAJEROS_BAJADA)  VALUES (32,4,NULL,0,5);
INSERT INTO ET_TURNO_PARADERO (ID_TURNO, ID_PARADERO, HORA_LLEGADA, PASAJEROS_SUBIDA, PASAJEROS_BAJADA)  VALUES (32,6,NULL,0,2);
INSERT INTO ET_TURNO_PARADERO (ID_TURNO, ID_PARADERO, HORA_LLEGADA, PASAJEROS_SUBIDA, PASAJEROS_BAJADA)  VALUES (32,8,NULL,10,0);
INSERT INTO ET_TURNO_PARADERO (ID_TURNO, ID_PARADERO, HORA_LLEGADA, PASAJEROS_SUBIDA, PASAJEROS_BAJADA)  VALUES (32,9,NULL,15,5);
INSERT INTO ET_TURNO_PARADERO (ID_TURNO, ID_PARADERO, HORA_LLEGADA, PASAJEROS_SUBIDA, PASAJEROS_BAJADA)  VALUES (32,10,NULL,5,0);
INSERT INTO ET_TURNO_PARADERO (ID_TURNO, ID_PARADERO, HORA_LLEGADA, PASAJEROS_SUBIDA, PASAJEROS_BAJADA)  VALUES (32,11,NULL,5,0);
INSERT INTO ET_TURNO_PARADERO (ID_TURNO, ID_PARADERO, HORA_LLEGADA, PASAJEROS_SUBIDA, PASAJEROS_BAJADA)  VALUES (32,13,NULL,15,0);

INSERT INTO ET_TURNO_PARADERO (ID_TURNO, ID_PARADERO, HORA_LLEGADA, PASAJEROS_SUBIDA, PASAJEROS_BAJADA)  VALUES (1,1,NULL,30,0);
INSERT INTO ET_TURNO_PARADERO (ID_TURNO, ID_PARADERO, HORA_LLEGADA, PASAJEROS_SUBIDA, PASAJEROS_BAJADA)  VALUES (1,2,NULL,0,15);
INSERT INTO ET_TURNO_PARADERO (ID_TURNO, ID_PARADERO, HORA_LLEGADA, PASAJEROS_SUBIDA, PASAJEROS_BAJADA)  VALUES (1,3,NULL,10,3);
INSERT INTO ET_TURNO_PARADERO (ID_TURNO, ID_PARADERO, HORA_LLEGADA, PASAJEROS_SUBIDA, PASAJEROS_BAJADA)  VALUES (1,4,NULL,0,5);
INSERT INTO ET_TURNO_PARADERO (ID_TURNO, ID_PARADERO, HORA_LLEGADA, PASAJEROS_SUBIDA, PASAJEROS_BAJADA)  VALUES (1,6,NULL,0,2);
INSERT INTO ET_TURNO_PARADERO (ID_TURNO, ID_PARADERO, HORA_LLEGADA, PASAJEROS_SUBIDA, PASAJEROS_BAJADA)  VALUES (1,8,NULL,15,0);
INSERT INTO ET_TURNO_PARADERO (ID_TURNO, ID_PARADERO, HORA_LLEGADA, PASAJEROS_SUBIDA, PASAJEROS_BAJADA)  VALUES (1,9,NULL,0,5);
INSERT INTO ET_TURNO_PARADERO (ID_TURNO, ID_PARADERO, HORA_LLEGADA, PASAJEROS_SUBIDA, PASAJEROS_BAJADA)  VALUES (1,10,NULL,0,5);
INSERT INTO ET_TURNO_PARADERO (ID_TURNO, ID_PARADERO, HORA_LLEGADA, PASAJEROS_SUBIDA, PASAJEROS_BAJADA)  VALUES (1,11,NULL,5,10);
INSERT INTO ET_TURNO_PARADERO (ID_TURNO, ID_PARADERO, HORA_LLEGADA, PASAJEROS_SUBIDA, PASAJEROS_BAJADA)  VALUES (1,13,NULL,0,15);
INSERT INTO ET_TURNO_PARADERO (ID_TURNO, ID_PARADERO, HORA_LLEGADA, PASAJEROS_SUBIDA, PASAJEROS_BAJADA)  VALUES (11,1,NULL,20,0);
INSERT INTO ET_TURNO_PARADERO (ID_TURNO, ID_PARADERO, HORA_LLEGADA, PASAJEROS_SUBIDA, PASAJEROS_BAJADA)  VALUES (11,2,NULL,10,15);
INSERT INTO ET_TURNO_PARADERO (ID_TURNO, ID_PARADERO, HORA_LLEGADA, PASAJEROS_SUBIDA, PASAJEROS_BAJADA)  VALUES (11,3,NULL,0,3);
INSERT INTO ET_TURNO_PARADERO (ID_TURNO, ID_PARADERO, HORA_LLEGADA, PASAJEROS_SUBIDA, PASAJEROS_BAJADA)  VALUES (11,4,NULL,10,5);
INSERT INTO ET_TURNO_PARADERO (ID_TURNO, ID_PARADERO, HORA_LLEGADA, PASAJEROS_SUBIDA, PASAJEROS_BAJADA)  VALUES (11,6,NULL,0,2);
INSERT INTO ET_TURNO_PARADERO (ID_TURNO, ID_PARADERO, HORA_LLEGADA, PASAJEROS_SUBIDA, PASAJEROS_BAJADA)  VALUES (11,8,NULL,15,0);
INSERT INTO ET_TURNO_PARADERO (ID_TURNO, ID_PARADERO, HORA_LLEGADA, PASAJEROS_SUBIDA, PASAJEROS_BAJADA)  VALUES (11,9,NULL,0,5);
INSERT INTO ET_TURNO_PARADERO (ID_TURNO, ID_PARADERO, HORA_LLEGADA, PASAJEROS_SUBIDA, PASAJEROS_BAJADA)  VALUES (11,10,NULL,0,5);
INSERT INTO ET_TURNO_PARADERO (ID_TURNO, ID_PARADERO, HORA_LLEGADA, PASAJEROS_SUBIDA, PASAJEROS_BAJADA)  VALUES (11,11,NULL,5,10);
INSERT INTO ET_TURNO_PARADERO (ID_TURNO, ID_PARADERO, HORA_LLEGADA, PASAJEROS_SUBIDA, PASAJEROS_BAJADA)  VALUES (11,13,NULL,0,15);
INSERT INTO ET_TURNO_PARADERO (ID_TURNO, ID_PARADERO, HORA_LLEGADA, PASAJEROS_SUBIDA, PASAJEROS_BAJADA)  VALUES (23,1,NULL,30,0);
INSERT INTO ET_TURNO_PARADERO (ID_TURNO, ID_PARADERO, HORA_LLEGADA, PASAJEROS_SUBIDA, PASAJEROS_BAJADA)  VALUES (23,2,NULL,0,15);
INSERT INTO ET_TURNO_PARADERO (ID_TURNO, ID_PARADERO, HORA_LLEGADA, PASAJEROS_SUBIDA, PASAJEROS_BAJADA)  VALUES (23,3,NULL,10,3);
INSERT INTO ET_TURNO_PARADERO (ID_TURNO, ID_PARADERO, HORA_LLEGADA, PASAJEROS_SUBIDA, PASAJEROS_BAJADA)  VALUES (23,4,NULL,0,5);
INSERT INTO ET_TURNO_PARADERO (ID_TURNO, ID_PARADERO, HORA_LLEGADA, PASAJEROS_SUBIDA, PASAJEROS_BAJADA)  VALUES (23,6,NULL,0,2);
INSERT INTO ET_TURNO_PARADERO (ID_TURNO, ID_PARADERO, HORA_LLEGADA, PASAJEROS_SUBIDA, PASAJEROS_BAJADA)  VALUES (23,8,NULL,15,0);
INSERT INTO ET_TURNO_PARADERO (ID_TURNO, ID_PARADERO, HORA_LLEGADA, PASAJEROS_SUBIDA, PASAJEROS_BAJADA)  VAluES (23,9,NULL,0,5);
INSERT INTO ET_TURNO_PARADERO (ID_TURNO, ID_PARADERO, HORA_LLEGADA, PASAJEROS_SUBIDA, PASAJEROS_BAJADA)  VALUES (23,10,NULL,0,5);
INSERT INTO ET_TURNO_PARADERO (ID_TURNO, ID_PARADERO, HORA_LLEGADA, PASAJEROS_SUBIDA, PASAJEROS_BAJADA)  VALUES (23,11,NULL,5,10);
INSERT INTO ET_TURNO_PARADERO (ID_TURNO, ID_PARADERO, HORA_LLEGADA, PASAJEROS_SUBIDA, PASAJEROS_BAJADA)  VALUES (23,13,NULL,0,15);
INSERT INTO ET_TURNO_PARADERO (ID_TURNO, ID_PARADERO, HORA_LLEGADA, PASAJEROS_SUBIDA, PASAJEROS_BAJADA)  VALUES (33,1,NULL,20,0);
INSERT INTO ET_TURNO_PARADERO (ID_TURNO, ID_PARADERO, HORA_LLEGADA, PASAJEROS_SUBIDA, PASAJEROS_BAJADA)  VALUES (33,2,NULL,10,15);
INSERT INTO ET_TURNO_PARADERO (ID_TURNO, ID_PARADERO, HORA_LLEGADA, PASAJEROS_SUBIDA, PASAJEROS_BAJADA)  VALUES (33,3,NULL,0,3);
INSERT INTO ET_TURNO_PARADERO (ID_TURNO, ID_PARADERO, HORA_LLEGADA, PASAJEROS_SUBIDA, PASAJEROS_BAJADA)  VALUES (33,4,NULL,10,5);
INSERT INTO ET_TURNO_PARADERO (ID_TURNO, ID_PARADERO, HORA_LLEGADA, PASAJEROS_SUBIDA, PASAJEROS_BAJADA)  VALUES (33,6,NULL,0,2);
INSERT INTO ET_TURNO_PARADERO (ID_TURNO, ID_PARADERO, HORA_LLEGADA, PASAJEROS_SUBIDA, PASAJEROS_BAJADA)  VALUES (33,8,NULL,15,0);
INSERT INTO ET_TURNO_PARADERO (ID_TURNO, ID_PARADERO, HORA_LLEGADA, PASAJEROS_SUBIDA, PASAJEROS_BAJADA)  VALUES (33,9,NULL,0,5);
INSERT INTO ET_TURNO_PARADERO (ID_TURNO, ID_PARADERO, HORA_LLEGADA, PASAJEROS_SUBIDA, PASAJEROS_BAJADA)  VALUES (33,10,NULL,0,5);
INSERT INTO ET_TURNO_PARADERO (ID_TURNO, ID_PARADERO, HORA_LLEGADA, PASAJEROS_SUBIDA, PASAJEROS_BAJADA)  VALUES (33,11,NULL,5,10);
INSERT INTO ET_TURNO_PARADERO (ID_TURNO, ID_PARADERO, HORA_LLEGADA, PASAJEROS_SUBIDA, PASAJEROS_BAJADA)  VALUES (33,13,NULL,0,15);
INSERT INTO ET_TURNO_PARADERO (ID_TURNO, ID_PARADERO, HORA_LLEGADA, PASAJEROS_SUBIDA, PASAJEROS_BAJADA)  VALUES (45,1,NULL,30,0);
INSERT INTO ET_TURNO_PARADERO (ID_TURNO, ID_PARADERO, HORA_LLEGADA, PASAJEROS_SUBIDA, PASAJEROS_BAJADA)  VALUES (45,2,NULL,0,15);
INSERT INTO ET_TURNO_PARADERO (ID_TURNO, ID_PARADERO, HORA_LLEGADA, PASAJEROS_SUBIDA, PASAJEROS_BAJADA)  VALUES (45,3,NULL,10,3);
INSERT INTO ET_TURNO_PARADERO (ID_TURNO, ID_PARADERO, HORA_LLEGADA, PASAJEROS_SUBIDA, PASAJEROS_BAJADA)  VALUES (45,4,NULL,0,5);
INSERT INTO ET_TURNO_PARADERO (ID_TURNO, ID_PARADERO, HORA_LLEGADA, PASAJEROS_SUBIDA, PASAJEROS_BAJADA)  VALUES (45,6,NULL,0,2);
INSERT INTO ET_TURNO_PARADERO (ID_TURNO, ID_PARADERO, HORA_LLEGADA, PASAJEROS_SUBIDA, PASAJEROS_BAJADA)  VALUES (45,8,NULL,15,0);
INSERT INTO ET_TURNO_PARADERO (ID_TURNO, ID_PARADERO, HORA_LLEGADA, PASAJEROS_SUBIDA, PASAJEROS_BAJADA)  VAluES (45,9,NULL,0,5);
INSERT INTO ET_TURNO_PARADERO (ID_TURNO, ID_PARADERO, HORA_LLEGADA, PASAJEROS_SUBIDA, PASAJEROS_BAJADA)  VALUES (45,10,NULL,0,5);
INSERT INTO ET_TURNO_PARADERO (ID_TURNO, ID_PARADERO, HORA_LLEGADA, PASAJEROS_SUBIDA, PASAJEROS_BAJADA)  VALUES (45,11,NULL,5,10);
INSERT INTO ET_TURNO_PARADERO (ID_TURNO, ID_PARADERO, HORA_LLEGADA, PASAJEROS_SUBIDA, PASAJEROS_BAJADA)  VALUES (45,13,NULL,0,15);
INSERT INTO ET_TURNO_PARADERO (ID_TURNO, ID_PARADERO, HORA_LLEGADA, PASAJEROS_SUBIDA, PASAJEROS_BAJADA)  VALUES (55,1,NULL,20,0);
INSERT INTO ET_TURNO_PARADERO (ID_TURNO, ID_PARADERO, HORA_LLEGADA, PASAJEROS_SUBIDA, PASAJEROS_BAJADA)  VALUES (55,2,NULL,10,15);
INSERT INTO ET_TURNO_PARADERO (ID_TURNO, ID_PARADERO, HORA_LLEGADA, PASAJEROS_SUBIDA, PASAJEROS_BAJADA)  VALUES (55,3,NULL,0,3);
INSERT INTO ET_TURNO_PARADERO (ID_TURNO, ID_PARADERO, HORA_LLEGADA, PASAJEROS_SUBIDA, PASAJEROS_BAJADA)  VALUES (55,4,NULL,10,5);
INSERT INTO ET_TURNO_PARADERO (ID_TURNO, ID_PARADERO, HORA_LLEGADA, PASAJEROS_SUBIDA, PASAJEROS_BAJADA)  VALUES (55,6,NULL,0,2);
INSERT INTO ET_TURNO_PARADERO (ID_TURNO, ID_PARADERO, HORA_LLEGADA, PASAJEROS_SUBIDA, PASAJEROS_BAJADA)  VALUES (55,8,NULL,15,0);
INSERT INTO ET_TURNO_PARADERO (ID_TURNO, ID_PARADERO, HORA_LLEGADA, PASAJEROS_SUBIDA, PASAJEROS_BAJADA)  VALUES (55,9,NULL,0,5);
INSERT INTO ET_TURNO_PARADERO (ID_TURNO, ID_PARADERO, HORA_LLEGADA, PASAJEROS_SUBIDA, PASAJEROS_BAJADA)  VALUES (55,10,NULL,0,5);
INSERT INTO ET_TURNO_PARADERO (ID_TURNO, ID_PARADERO, HORA_LLEGADA, PASAJEROS_SUBIDA, PASAJEROS_BAJADA)  VALUES (55,11,NULL,5,10);
INSERT INTO ET_TURNO_PARADERO (ID_TURNO, ID_PARADERO, HORA_LLEGADA, PASAJEROS_SUBIDA, PASAJEROS_BAJADA)  VALUES (55,13,NULL,0,15);
INSERT INTO ET_TURNO_PARADERO (ID_TURNO, ID_PARADERO, HORA_LLEGADA, PASAJEROS_SUBIDA, PASAJEROS_BAJADA)  VALUES (67,1,NULL,30,0);
INSERT INTO ET_TURNO_PARADERO (ID_TURNO, ID_PARADERO, HORA_LLEGADA, PASAJEROS_SUBIDA, PASAJEROS_BAJADA)  VALUES (67,2,NULL,0,15);
INSERT INTO ET_TURNO_PARADERO (ID_TURNO, ID_PARADERO, HORA_LLEGADA, PASAJEROS_SUBIDA, PASAJEROS_BAJADA)  VALUES (67,3,NULL,10,3);
INSERT INTO ET_TURNO_PARADERO (ID_TURNO, ID_PARADERO, HORA_LLEGADA, PASAJEROS_SUBIDA, PASAJEROS_BAJADA)  VALUES (67,4,NULL,0,5);
INSERT INTO ET_TURNO_PARADERO (ID_TURNO, ID_PARADERO, HORA_LLEGADA, PASAJEROS_SUBIDA, PASAJEROS_BAJADA)  VALUES (67,6,NULL,0,2);
INSERT INTO ET_TURNO_PARADERO (ID_TURNO, ID_PARADERO, HORA_LLEGADA, PASAJEROS_SUBIDA, PASAJEROS_BAJADA)  VALUES (67,8,NULL,15,0);
INSERT INTO ET_TURNO_PARADERO (ID_TURNO, ID_PARADERO, HORA_LLEGADA, PASAJEROS_SUBIDA, PASAJEROS_BAJADA)  VAluES (67,9,NULL,0,5);
INSERT INTO ET_TURNO_PARADERO (ID_TURNO, ID_PARADERO, HORA_LLEGADA, PASAJEROS_SUBIDA, PASAJEROS_BAJADA)  VALUES (67,10,NULL,0,5);
INSERT INTO ET_TURNO_PARADERO (ID_TURNO, ID_PARADERO, HORA_LLEGADA, PASAJEROS_SUBIDA, PASAJEROS_BAJADA)  VALUES (67,11,NULL,5,10);
INSERT INTO ET_TURNO_PARADERO (ID_TURNO, ID_PARADERO, HORA_LLEGADA, PASAJEROS_SUBIDA, PASAJEROS_BAJADA)  VALUES (67,13,NULL,0,15);
INSERT INTO ET_TURNO_PARADERO (ID_TURNO, ID_PARADERO, HORA_LLEGADA, PASAJEROS_SUBIDA, PASAJEROS_BAJADA)  VALUES (77,1,NULL,20,0);
INSERT INTO ET_TURNO_PARADERO (ID_TURNO, ID_PARADERO, HORA_LLEGADA, PASAJEROS_SUBIDA, PASAJEROS_BAJADA)  VALUES (77,2,NULL,10,15);
INSERT INTO ET_TURNO_PARADERO (ID_TURNO, ID_PARADERO, HORA_LLEGADA, PASAJEROS_SUBIDA, PASAJEROS_BAJADA)  VALUES (77,3,NULL,0,3);
INSERT INTO ET_TURNO_PARADERO (ID_TURNO, ID_PARADERO, HORA_LLEGADA, PASAJEROS_SUBIDA, PASAJEROS_BAJADA)  VALUES (77,4,NULL,10,5);
INSERT INTO ET_TURNO_PARADERO (ID_TURNO, ID_PARADERO, HORA_LLEGADA, PASAJEROS_SUBIDA, PASAJEROS_BAJADA)  VALUES (77,6,NULL,0,2);
INSERT INTO ET_TURNO_PARADERO (ID_TURNO, ID_PARADERO, HORA_LLEGADA, PASAJEROS_SUBIDA, PASAJEROS_BAJADA)  VALUES (77,8,NULL,15,0);
INSERT INTO ET_TURNO_PARADERO (ID_TURNO, ID_PARADERO, HORA_LLEGADA, PASAJEROS_SUBIDA, PASAJEROS_BAJADA)  VALUES (77,9,NULL,0,5);
INSERT INTO ET_TURNO_PARADERO (ID_TURNO, ID_PARADERO, HORA_LLEGADA, PASAJEROS_SUBIDA, PASAJEROS_BAJADA)  VALUES (77,10,NULL,0,5);
INSERT INTO ET_TURNO_PARADERO (ID_TURNO, ID_PARADERO, HORA_LLEGADA, PASAJEROS_SUBIDA, PASAJEROS_BAJADA)  VALUES (77,11,NULL,5,10);
INSERT INTO ET_TURNO_PARADERO (ID_TURNO, ID_PARADERO, HORA_LLEGADA, PASAJEROS_SUBIDA, PASAJEROS_BAJADA)  VALUES (77,13,NULL,0,15);
INSERT INTO ET_TURNO_PARADERO (ID_TURNO, ID_PARADERO, HORA_LLEGADA, PASAJEROS_SUBIDA, PASAJEROS_BAJADA)  VALUES (89,1,NULL,30,0);
INSERT INTO ET_TURNO_PARADERO (ID_TURNO, ID_PARADERO, HORA_LLEGADA, PASAJEROS_SUBIDA, PASAJEROS_BAJADA)  VALUES (89,2,NULL,0,15);
INSERT INTO ET_TURNO_PARADERO (ID_TURNO, ID_PARADERO, HORA_LLEGADA, PASAJEROS_SUBIDA, PASAJEROS_BAJADA)  VALUES (89,3,NULL,10,3);
INSERT INTO ET_TURNO_PARADERO (ID_TURNO, ID_PARADERO, HORA_LLEGADA, PASAJEROS_SUBIDA, PASAJEROS_BAJADA)  VALUES (89,4,NULL,0,5);
INSERT INTO ET_TURNO_PARADERO (ID_TURNO, ID_PARADERO, HORA_LLEGADA, PASAJEROS_SUBIDA, PASAJEROS_BAJADA)  VALUES (89,6,NULL,0,2);
INSERT INTO ET_TURNO_PARADERO (ID_TURNO, ID_PARADERO, HORA_LLEGADA, PASAJEROS_SUBIDA, PASAJEROS_BAJADA)  VALUES (89,8,NULL,15,0);
INSERT INTO ET_TURNO_PARADERO (ID_TURNO, ID_PARADERO, HORA_LLEGADA, PASAJEROS_SUBIDA, PASAJEROS_BAJADA)  VAluES (89,9,NULL,0,5);
INSERT INTO ET_TURNO_PARADERO (ID_TURNO, ID_PARADERO, HORA_LLEGADA, PASAJEROS_SUBIDA, PASAJEROS_BAJADA)  VALUES (89,10,NULL,0,5);
INSERT INTO ET_TURNO_PARADERO (ID_TURNO, ID_PARADERO, HORA_LLEGADA, PASAJEROS_SUBIDA, PASAJEROS_BAJADA)  VALUES (89,11,NULL,5,10);
INSERT INTO ET_TURNO_PARADERO (ID_TURNO, ID_PARADERO, HORA_LLEGADA, PASAJEROS_SUBIDA, PASAJEROS_BAJADA)  VALUES (89,13,NULL,0,15);
INSERT INTO ET_TURNO_PARADERO (ID_TURNO, ID_PARADERO, HORA_LLEGADA, PASAJEROS_SUBIDA, PASAJEROS_BAJADA)  VALUES (99,1,NULL,20,0);
INSERT INTO ET_TURNO_PARADERO (ID_TURNO, ID_PARADERO, HORA_LLEGADA, PASAJEROS_SUBIDA, PASAJEROS_BAJADA)  VALUES (99,2,NULL,10,15);
INSERT INTO ET_TURNO_PARADERO (ID_TURNO, ID_PARADERO, HORA_LLEGADA, PASAJEROS_SUBIDA, PASAJEROS_BAJADA)  VALUES (99,3,NULL,0,3);
INSERT INTO ET_TURNO_PARADERO (ID_TURNO, ID_PARADERO, HORA_LLEGADA, PASAJEROS_SUBIDA, PASAJEROS_BAJADA)  VALUES (99,4,NULL,10,5);
INSERT INTO ET_TURNO_PARADERO (ID_TURNO, ID_PARADERO, HORA_LLEGADA, PASAJEROS_SUBIDA, PASAJEROS_BAJADA)  VALUES (99,6,NULL,0,2);
INSERT INTO ET_TURNO_PARADERO (ID_TURNO, ID_PARADERO, HORA_LLEGADA, PASAJEROS_SUBIDA, PASAJEROS_BAJADA)  VALUES (99,8,NULL,15,0);
INSERT INTO ET_TURNO_PARADERO (ID_TURNO, ID_PARADERO, HORA_LLEGADA, PASAJEROS_SUBIDA, PASAJEROS_BAJADA)  VALUES (99,9,NULL,0,5);
INSERT INTO ET_TURNO_PARADERO (ID_TURNO, ID_PARADERO, HORA_LLEGADA, PASAJEROS_SUBIDA, PASAJEROS_BAJADA)  VALUES (99,10,NULL,0,5);
INSERT INTO ET_TURNO_PARADERO (ID_TURNO, ID_PARADERO, HORA_LLEGADA, PASAJEROS_SUBIDA, PASAJEROS_BAJADA)  VALUES (99,11,NULL,5,10);
INSERT INTO ET_TURNO_PARADERO (ID_TURNO, ID_PARADERO, HORA_LLEGADA, PASAJEROS_SUBIDA, PASAJEROS_BAJADA)  VALUES (99,13,NULL,0,15);


