INSERT INTO E2PERSONA ( CODIGO, NOMBRES, APEPATERNO, APEMATERNO ) VALUES ( 
'00000001', 'MARCO ANTONIO', 'PALACIOS', 'RUIZ'); 
INSERT INTO E2PERSONA ( CODIGO, NOMBRES, APEPATERNO, APEMATERNO ) VALUES ( 
'00000002', 'ROSA', 'MARTINEZ', 'DEZA'); 
INSERT INTO E2PERSONA ( CODIGO, NOMBRES, APEPATERNO, APEMATERNO ) VALUES ( 
'00000003', 'PERCY', 'RAVELO', 'BUSTAMANTE'); 
INSERT INTO E2PERSONA ( CODIGO, NOMBRES, APEPATERNO, APEMATERNO ) VALUES ( 
'00000004', 'CARLOS', 'PAREDES', 'FERNANDEZ'); 
INSERT INTO E2PERSONA ( CODIGO, NOMBRES, APEPATERNO, APEMATERNO ) VALUES ( 
'00000005', 'MAX', 'ALVAREZ', 'HERRERA'); 
INSERT INTO E2PERSONA ( CODIGO, NOMBRES, APEPATERNO, APEMATERNO ) VALUES ( 
'00000006', 'CEDRIC', 'SOMOCURCIO', 'FUBO'); 
INSERT INTO E2PERSONA ( CODIGO, NOMBRES, APEPATERNO, APEMATERNO ) VALUES ( 
'00000007', 'GEORGE', 'SOLIS', 'CERDEÑA'); 
INSERT INTO E2PERSONA ( CODIGO, NOMBRES, APEPATERNO, APEMATERNO ) VALUES ( 
'00000008', 'VICTOR', 'BELLO', 'CALDERON'); 
INSERT INTO E2PERSONA ( CODIGO, NOMBRES, APEPATERNO, APEMATERNO ) VALUES ( 
'00000009', 'EDUARDO', 'HERNANDEZ', 'CASTRO'); 
INSERT INTO E2PERSONA ( CODIGO, NOMBRES, APEPATERNO, APEMATERNO ) VALUES ( 
'00000010', 'BENITO', 'MALPARTIDA', 'GARCIA'); 
INSERT INTO E2PERSONA ( CODIGO, NOMBRES, APEPATERNO, APEMATERNO ) VALUES ( 
'00000011', 'SOFIA', 'DAVALOS', 'AGURTO'); 
INSERT INTO E2PERSONA ( CODIGO, NOMBRES, APEPATERNO, APEMATERNO ) VALUES ( 
'00000012', 'GINA', 'BERMEJO', 'DONAYRES'); 
INSERT INTO E2PERSONA ( CODIGO, NOMBRES, APEPATERNO, APEMATERNO ) VALUES ( 
'00000013', 'ALBERTO', 'HIDALGO', 'DEL CARPIO'); 
INSERT INTO E2PERSONA ( CODIGO, NOMBRES, APEPATERNO, APEMATERNO ) VALUES ( 
'00000014', 'JUAN CARLOS', 'GANSEDO', 'VILLALOBOS'); 
INSERT INTO E2PERSONA ( CODIGO, NOMBRES, APEPATERNO, APEMATERNO ) VALUES ( 
'00000015', 'PETER', 'GONZALES', 'TORRES'); 
COMMIT;

INSERT INTO E2ASOCIADO ( ASOCIADO, FECHAASOCIADO ) VALUES ( 
'00000001',  TO_Date( '01/15/2020 12:00:00 AM', 'MM/DD/YYYY HH:MI:SS AM')); 
INSERT INTO E2ASOCIADO ( ASOCIADO, FECHAASOCIADO ) VALUES ( 
'00000002',  TO_Date( '10/24/2020 12:00:00 AM', 'MM/DD/YYYY HH:MI:SS AM')); 
INSERT INTO E2ASOCIADO ( ASOCIADO, FECHAASOCIADO ) VALUES ( 
'00000004',  TO_Date( '01/05/2021 12:00:00 AM', 'MM/DD/YYYY HH:MI:SS AM')); 
INSERT INTO E2ASOCIADO ( ASOCIADO, FECHAASOCIADO ) VALUES ( 
'00000008',  TO_Date( '12/12/2020 12:00:00 AM', 'MM/DD/YYYY HH:MI:SS AM')); 
INSERT INTO E2ASOCIADO ( ASOCIADO, FECHAASOCIADO ) VALUES ( 
'00000009',  TO_Date( '12/15/2020 12:00:00 AM', 'MM/DD/YYYY HH:MI:SS AM')); 
INSERT INTO E2ASOCIADO ( ASOCIADO, FECHAASOCIADO ) VALUES ( 
'00000010',  TO_Date( '01/01/2021 12:00:00 AM', 'MM/DD/YYYY HH:MI:SS AM')); 
INSERT INTO E2ASOCIADO ( ASOCIADO, FECHAASOCIADO ) VALUES ( 
'00000011',  TO_Date( '01/08/2021 12:00:00 AM', 'MM/DD/YYYY HH:MI:SS AM')); 
INSERT INTO E2ASOCIADO ( ASOCIADO, FECHAASOCIADO ) VALUES ( 
'00000012',  TO_Date( '01/03/2021 12:00:00 AM', 'MM/DD/YYYY HH:MI:SS AM')); 
INSERT INTO E2ASOCIADO ( ASOCIADO, FECHAASOCIADO ) VALUES ( 
'00000013',  TO_Date( '01/10/2021 12:00:00 AM', 'MM/DD/YYYY HH:MI:SS AM')); 
INSERT INTO E2ASOCIADO ( ASOCIADO, FECHAASOCIADO ) VALUES ( 
'00000014',  TO_Date( '01/11/2021 12:00:00 AM', 'MM/DD/YYYY HH:MI:SS AM')); 
INSERT INTO E2ASOCIADO ( ASOCIADO, FECHAASOCIADO ) VALUES ( 
'00000015',  TO_Date( '01/11/2021 12:00:00 AM', 'MM/DD/YYYY HH:MI:SS AM')); 
COMMIT;

INSERT INTO E2MEDICO ( MEDICO, NUMCOLMEDICO ) VALUES ( '00000003', '1123433213'); 
INSERT INTO E2MEDICO ( MEDICO, NUMCOLMEDICO ) VALUES ( '00000005', '1234546548'); 
INSERT INTO E2MEDICO ( MEDICO, NUMCOLMEDICO ) VALUES ( '00000006', '5554531246'); 
INSERT INTO E2MEDICO ( MEDICO, NUMCOLMEDICO ) VALUES ( '00000007', '6546546541'); 
COMMIT;

INSERT INTO E2ESPECIALIDAD ( ESPECIALIDAD, NOMBRE, DESCRIPCION ) VALUES ( 
'01', 'MEDICINA GENERAL', 'MEDICINA GENERAL'); 
INSERT INTO E2ESPECIALIDAD ( ESPECIALIDAD, NOMBRE, DESCRIPCION ) VALUES ( 
'02', 'CIRUGIA PLASTICA', 'CIRUGIA PLASTICA'); 
INSERT INTO E2ESPECIALIDAD ( ESPECIALIDAD, NOMBRE, DESCRIPCION ) VALUES ( 
'03', 'CARDIOLOGIA', 'PROBLEMAS DEL CORAZON'); 
INSERT INTO E2ESPECIALIDAD ( ESPECIALIDAD, NOMBRE, DESCRIPCION ) VALUES ( 
'04', 'UROLOGIA', 'UROLOGIA'); 
INSERT INTO E2ESPECIALIDAD ( ESPECIALIDAD, NOMBRE, DESCRIPCION ) VALUES ( 
'05', 'GINECOLOGIA', 'GINECOLOGIA'); 
COMMIT;

INSERT INTO E2CONSULTORIO ( CONSULTORIO, DESCRIPCION ) VALUES ( 
'01', 'C101'); 
INSERT INTO E2CONSULTORIO ( CONSULTORIO, DESCRIPCION ) VALUES ( 
'02', 'C102'); 
INSERT INTO E2CONSULTORIO ( CONSULTORIO, DESCRIPCION ) VALUES ( 
'03', 'C103'); 
INSERT INTO E2CONSULTORIO ( CONSULTORIO, DESCRIPCION ) VALUES ( 
'04', 'A202'); 
INSERT INTO E2CONSULTORIO ( CONSULTORIO, DESCRIPCION ) VALUES ( 
'05', 'A204'); 
INSERT INTO E2CONSULTORIO ( CONSULTORIO, DESCRIPCION ) VALUES ( 
'06', 'A205'); 
commit;

INSERT INTO E2MEDICOXESPECIALIDAD ( ESPECIALIDAD, MEDICO,
CONSULTORIO,costoconsulta ) VALUES ( 
'01', '00000007', '01',90); 
INSERT INTO E2MEDICOXESPECIALIDAD ( ESPECIALIDAD, MEDICO,
CONSULTORIO,costoconsulta ) VALUES ( 
'04', '00000003', '02',75); 
INSERT INTO E2MEDICOXESPECIALIDAD ( ESPECIALIDAD, MEDICO,
CONSULTORIO,costoconsulta ) VALUES ( 
'03', '00000006', '03',50); 
INSERT INTO E2MEDICOXESPECIALIDAD ( ESPECIALIDAD, MEDICO,
CONSULTORIO,costoconsulta ) VALUES ( 
'05', '00000005', '04',95); 
INSERT INTO E2MEDICOXESPECIALIDAD ( ESPECIALIDAD, MEDICO,
CONSULTORIO,costoconsulta ) VALUES ( 
'02', '00000005', '05',20); 
INSERT INTO E2MEDICOXESPECIALIDAD ( ESPECIALIDAD, MEDICO,
CONSULTORIO,costoconsulta ) VALUES ( 
'05', '00000003', '06',88); 
COMMIT;

INSERT INTO E2DIA ( DIA, DESCRIPCION ) VALUES ( '2', 'LUNES'); 
INSERT INTO E2DIA ( DIA, DESCRIPCION ) VALUES ( '3', 'MARTES'); 
INSERT INTO E2DIA ( DIA, DESCRIPCION ) VALUES ( '4', 'MIERCOLES'); 
INSERT INTO E2DIA ( DIA, DESCRIPCION ) VALUES ( '5', 'JUEVES'); 
INSERT INTO E2DIA ( DIA, DESCRIPCION ) VALUES ( '6', 'VIERNES'); 
INSERT INTO E2DIA ( DIA, DESCRIPCION ) VALUES ( '7', 'SABADO'); 
INSERT INTO E2DIA ( DIA, DESCRIPCION ) VALUES ( '1', 'DOMINGO'); 
COMMIT;

INSERT INTO E2CICLODATENCION ( MEDICO, ESPECIALIDAD, CICLOATENCION, FECHAINICIO,
FECHAFIN ) VALUES ( 
'00000003', '04', 1,  TO_Date( '12/01/2020 12:00:00 AM', 'MM/DD/YYYY HH:MI:SS AM')
,  TO_Date( '03/31/2021 12:00:00 AM', 'MM/DD/YYYY HH:MI:SS AM')); 
INSERT INTO E2CICLODATENCION ( MEDICO, ESPECIALIDAD, CICLOATENCION, FECHAINICIO,
FECHAFIN ) VALUES ( 
'00000006', '03', 1,  TO_Date( '11/01/2020 12:00:00 AM', 'MM/DD/YYYY HH:MI:SS AM')
,  TO_Date( '02/28/2021 12:00:00 AM', 'MM/DD/YYYY HH:MI:SS AM')); 
INSERT INTO E2CICLODATENCION ( MEDICO, ESPECIALIDAD, CICLOATENCION, FECHAINICIO,
FECHAFIN ) VALUES ( 
'00000005', '05', 1,  TO_Date( '10/01/2020 12:00:00 AM', 'MM/DD/YYYY HH:MI:SS AM')
,  TO_Date( '12/31/2020 12:00:00 AM', 'MM/DD/YYYY HH:MI:SS AM')); 
INSERT INTO E2CICLODATENCION ( MEDICO, ESPECIALIDAD, CICLOATENCION, FECHAINICIO,
FECHAFIN ) VALUES ( 
'00000005', '05', 2,  TO_Date( '01/01/2021 12:00:00 AM', 'MM/DD/YYYY HH:MI:SS AM')
,  TO_Date( '04/30/2021 12:00:00 AM', 'MM/DD/YYYY HH:MI:SS AM')); 
INSERT INTO E2CICLODATENCION ( MEDICO, ESPECIALIDAD, CICLOATENCION, FECHAINICIO,
FECHAFIN ) VALUES ( 
'00000003', '05', 1,  TO_Date( '01/01/2021 12:00:00 AM', 'MM/DD/YYYY HH:MI:SS AM')
,  TO_Date( '05/01/2021 12:00:00 AM', 'MM/DD/YYYY HH:MI:SS AM')); 
INSERT INTO E2CICLODATENCION ( MEDICO, ESPECIALIDAD, CICLOATENCION, FECHAINICIO,
FECHAFIN ) VALUES ( 
'00000005', '02', 1,  TO_Date( '10/01/2020 12:00:00 AM', 'MM/DD/YYYY HH:MI:SS AM')
,  TO_Date( '11/30/2020 12:00:00 AM', 'MM/DD/YYYY HH:MI:SS AM')); 
INSERT INTO E2CICLODATENCION ( MEDICO, ESPECIALIDAD, CICLOATENCION, FECHAINICIO,
FECHAFIN ) VALUES ( 
'00000005', '02', 2,  TO_Date( '01/25/2021 12:00:00 AM', 'MM/DD/YYYY HH:MI:SS AM')
,  TO_Date( '01/28/2021 12:00:00 AM', 'MM/DD/YYYY HH:MI:SS AM')); 
COMMIT;

INSERT INTO E2DIADATENCION ( CICLOATENCION, MEDICO, ESPECIALIDAD, DIA, HORAINICIO,
HORAFIN ) VALUES ( 
1, '00000003', '04', '2', '0800', '2000'); 
INSERT INTO E2DIADATENCION ( CICLOATENCION, MEDICO, ESPECIALIDAD, DIA, HORAINICIO,
HORAFIN ) VALUES ( 
1, '00000003', '04', '4', '1300', '1800'); 
INSERT INTO E2DIADATENCION ( CICLOATENCION, MEDICO, ESPECIALIDAD, DIA, HORAINICIO,
HORAFIN ) VALUES ( 
1, '00000006', '03', '1', '0800', '1300'); 
INSERT INTO E2DIADATENCION ( CICLOATENCION, MEDICO, ESPECIALIDAD, DIA, HORAINICIO,
HORAFIN ) VALUES ( 
1, '00000006', '03', '2', '1300', '1600'); 
INSERT INTO E2DIADATENCION ( CICLOATENCION, MEDICO, ESPECIALIDAD, DIA, HORAINICIO,
HORAFIN ) VALUES ( 
1, '00000006', '03', '3', '1200', '1700'); 
INSERT INTO E2DIADATENCION ( CICLOATENCION, MEDICO, ESPECIALIDAD, DIA, HORAINICIO,
HORAFIN ) VALUES ( 
1, '00000005', '02', '1', '0800', '1700'); 
INSERT INTO E2DIADATENCION ( CICLOATENCION, MEDICO, ESPECIALIDAD, DIA, HORAINICIO,
HORAFIN ) VALUES ( 
1, '00000005', '02', '2', '0800', '1700'); 
INSERT INTO E2DIADATENCION ( CICLOATENCION, MEDICO, ESPECIALIDAD, DIA, HORAINICIO,
HORAFIN ) VALUES ( 
1, '00000005', '02', '3', '0800', '1200'); 
INSERT INTO E2DIADATENCION ( CICLOATENCION, MEDICO, ESPECIALIDAD, DIA, HORAINICIO,
HORAFIN ) VALUES ( 
1, '00000005', '02', '4', '1300', '1800'); 
INSERT INTO E2DIADATENCION ( CICLOATENCION, MEDICO, ESPECIALIDAD, DIA, HORAINICIO,
HORAFIN ) VALUES ( 
1, '00000005', '02', '5', '1300', '1800'); 
INSERT INTO E2DIADATENCION ( CICLOATENCION, MEDICO, ESPECIALIDAD, DIA, HORAINICIO,
HORAFIN ) VALUES ( 
2, '00000005', '02', '1', '0800', '1800'); 
commit;

INSERT INTO E2FECHADATENCION ( MEDICO, ESPECIALIDAD, CICLOATENCION, FECHADATENCION,
INDICACANCELADO ) VALUES ( 
'00000003', '04', 1,  TO_Date( '01/06/2021 12:00:00 AM', 'MM/DD/YYYY HH:MI:SS AM')
, '0'); 
INSERT INTO E2FECHADATENCION ( MEDICO, ESPECIALIDAD, CICLOATENCION, FECHADATENCION,
INDICACANCELADO ) VALUES ( 
'00000003', '04', 1,  TO_Date( '01/13/2021 12:00:00 AM', 'MM/DD/YYYY HH:MI:SS AM')
, '1'); 
INSERT INTO E2FECHADATENCION ( MEDICO, ESPECIALIDAD, CICLOATENCION, FECHADATENCION,
INDICACANCELADO ) VALUES ( 
'00000003', '04', 1,  TO_Date( '01/20/2021 12:00:00 AM', 'MM/DD/YYYY HH:MI:SS AM')
, '0'); 
INSERT INTO E2FECHADATENCION ( MEDICO, ESPECIALIDAD, CICLOATENCION, FECHADATENCION,
INDICACANCELADO ) VALUES ( 
'00000003', '04', 1,  TO_Date( '01/27/2021 12:00:00 AM', 'MM/DD/YYYY HH:MI:SS AM')
, '0'); 
INSERT INTO E2FECHADATENCION ( MEDICO, ESPECIALIDAD, CICLOATENCION, FECHADATENCION,
INDICACANCELADO ) VALUES ( 
'00000006', '03', 1,  TO_Date( '01/14/2021 12:00:00 AM', 'MM/DD/YYYY HH:MI:SS AM')
, '0'); 
INSERT INTO E2FECHADATENCION ( MEDICO, ESPECIALIDAD, CICLOATENCION, FECHADATENCION,
INDICACANCELADO ) VALUES ( 
'00000006', '03', 1,  TO_Date( '01/21/2021 12:00:00 AM', 'MM/DD/YYYY HH:MI:SS AM')
, '0'); 
INSERT INTO E2FECHADATENCION ( MEDICO, ESPECIALIDAD, CICLOATENCION, FECHADATENCION,
INDICACANCELADO ) VALUES ( 
'00000006', '03', 1,  TO_Date( '01/28/2021 12:00:00 AM', 'MM/DD/YYYY HH:MI:SS AM')
, '0'); 
INSERT INTO E2FECHADATENCION ( MEDICO, ESPECIALIDAD, CICLOATENCION, FECHADATENCION,
INDICACANCELADO ) VALUES ( 
'00000005', '05', 1,  TO_Date( '12/30/2020 12:00:00 AM', 'MM/DD/YYYY HH:MI:SS AM')
, '1'); 
INSERT INTO E2FECHADATENCION ( MEDICO, ESPECIALIDAD, CICLOATENCION, FECHADATENCION,
INDICACANCELADO ) VALUES ( 
'00000005', '05', 2,  TO_Date( '01/08/2021 12:00:00 AM', 'MM/DD/YYYY HH:MI:SS AM')
, '0'); 
INSERT INTO E2FECHADATENCION ( MEDICO, ESPECIALIDAD, CICLOATENCION, FECHADATENCION,
INDICACANCELADO ) VALUES ( 
'00000005', '05', 2,  TO_Date( '01/15/2021 12:00:00 AM', 'MM/DD/YYYY HH:MI:SS AM')
, '0'); 
INSERT INTO E2FECHADATENCION ( MEDICO, ESPECIALIDAD, CICLOATENCION, FECHADATENCION,
INDICACANCELADO ) VALUES ( 
'00000003', '05', 1,  TO_Date( '01/14/2021 12:00:00 AM', 'MM/DD/YYYY HH:MI:SS AM')
, '0'); 
INSERT INTO E2FECHADATENCION ( MEDICO, ESPECIALIDAD, CICLOATENCION, FECHADATENCION,
INDICACANCELADO ) VALUES ( 
'00000003', '05', 1,  TO_Date( '01/21/2021 12:00:00 AM', 'MM/DD/YYYY HH:MI:SS AM')
, '0'); 
INSERT INTO E2FECHADATENCION ( MEDICO, ESPECIALIDAD, CICLOATENCION, FECHADATENCION,
INDICACANCELADO ) VALUES ( 
'00000006', '03', 1,  TO_Date( '01/07/2021 12:00:00 AM', 'MM/DD/YYYY HH:MI:SS AM')
, '0'); 
INSERT INTO E2FECHADATENCION ( MEDICO, ESPECIALIDAD, CICLOATENCION, FECHADATENCION,
INDICACANCELADO ) VALUES ( 
'00000005', '02', 2,  TO_Date( '01/27/2021 12:00:00 AM', 'MM/DD/YYYY HH:MI:SS AM')
, '0'); 
COMMIT;


INSERT INTO E2CITA ( MEDICO, ESPECIALIDAD, CICLOATENCION, FECHADATENCION, HORAINICIO, HORAFIN,
ASOCIADO, INDICAASISTENCIA, DIAGNOSTICO, OBSERVACIONES,indicareprog ) VALUES ( 
'00000003', '04', 1,  TO_Date( '01/06/2021 12:00:00 AM', 'MM/DD/YYYY HH:MI:SS AM')
, '1220', '1240', '00000001', '0', NULL, NULL,'0'); 
INSERT INTO E2CITA ( MEDICO, ESPECIALIDAD, CICLOATENCION, FECHADATENCION, HORAINICIO, HORAFIN,
ASOCIADO, INDICAASISTENCIA, DIAGNOSTICO, OBSERVACIONES,indicareprog ) VALUES ( 
'00000003', '04', 1,  TO_Date( '01/06/2021 12:00:00 AM', 'MM/DD/YYYY HH:MI:SS AM')
, '1245', '1305', '00000002', '1', NULL, NULL,'0'); 
INSERT INTO E2CITA ( MEDICO, ESPECIALIDAD, CICLOATENCION, FECHADATENCION, HORAINICIO, HORAFIN,
ASOCIADO, INDICAASISTENCIA, DIAGNOSTICO, OBSERVACIONES,indicareprog ) VALUES ( 
'00000003', '04', 1,  TO_Date( '01/06/2021 12:00:00 AM', 'MM/DD/YYYY HH:MI:SS AM')
, '1320', '1340', '00000004', '1', NULL, NULL,'0'); 
INSERT INTO E2CITA ( MEDICO, ESPECIALIDAD, CICLOATENCION, FECHADATENCION, HORAINICIO, HORAFIN,
ASOCIADO, INDICAASISTENCIA, DIAGNOSTICO, OBSERVACIONES,indicareprog ) VALUES ( 
'00000003', '04', 1,  TO_Date( '01/06/2021 12:00:00 AM', 'MM/DD/YYYY HH:MI:SS AM')
, '1410', '1430', '00000008', '1', NULL, NULL,'0'); 
INSERT INTO E2CITA ( MEDICO, ESPECIALIDAD, CICLOATENCION, FECHADATENCION, HORAINICIO, HORAFIN,
ASOCIADO, INDICAASISTENCIA, DIAGNOSTICO, OBSERVACIONES,indicareprog ) VALUES ( 
'00000003', '04', 1,  TO_Date( '01/13/2021 12:00:00 AM', 'MM/DD/YYYY HH:MI:SS AM')
, '1200', '1230', '00000009', '1', NULL, NULL,'0'); 
INSERT INTO E2CITA ( MEDICO, ESPECIALIDAD, CICLOATENCION, FECHADATENCION, HORAINICIO, HORAFIN,
ASOCIADO, INDICAASISTENCIA, DIAGNOSTICO, OBSERVACIONES,indicareprog ) VALUES ( 
'00000003', '04', 1,  TO_Date( '01/13/2021 12:00:00 AM', 'MM/DD/YYYY HH:MI:SS AM')
, '1240', '1310', '00000001', '0', NULL, NULL,'0'); 
INSERT INTO E2CITA ( MEDICO, ESPECIALIDAD, CICLOATENCION, FECHADATENCION, HORAINICIO, HORAFIN,
ASOCIADO, INDICAASISTENCIA, DIAGNOSTICO, OBSERVACIONES,indicareprog ) VALUES ( 
'00000003', '04', 1,  TO_Date( '01/20/2021 12:00:00 AM', 'MM/DD/YYYY HH:MI:SS AM')
, '0830', '0850', '00000002', '1', NULL, NULL,'0'); 
INSERT INTO E2CITA ( MEDICO, ESPECIALIDAD, CICLOATENCION, FECHADATENCION, HORAINICIO, HORAFIN,
ASOCIADO, INDICAASISTENCIA, DIAGNOSTICO, OBSERVACIONES,indicareprog ) VALUES ( 
'00000003', '04', 1,  TO_Date( '01/20/2021 12:00:00 AM', 'MM/DD/YYYY HH:MI:SS AM')
, '0940', '1000', '00000010', '0', NULL, NULL,'0'); 
INSERT INTO E2CITA ( MEDICO, ESPECIALIDAD, CICLOATENCION, FECHADATENCION, HORAINICIO, HORAFIN,
ASOCIADO, INDICAASISTENCIA, DIAGNOSTICO, OBSERVACIONES,indicareprog ) VALUES ( 
'00000003', '04', 1,  TO_Date( '01/20/2021 12:00:00 AM', 'MM/DD/YYYY HH:MI:SS AM')
, '1020', '1040', '00000008', '0', NULL, NULL,'0'); 
INSERT INTO E2CITA ( MEDICO, ESPECIALIDAD, CICLOATENCION, FECHADATENCION, HORAINICIO, HORAFIN,
ASOCIADO, INDICAASISTENCIA, DIAGNOSTICO, OBSERVACIONES,indicareprog ) VALUES ( 
'00000003', '04', 1,  TO_Date( '01/20/2021 12:00:00 AM', 'MM/DD/YYYY HH:MI:SS AM')
, '1130', '1150', '00000001', '0', NULL, NULL,'0'); 
INSERT INTO E2CITA ( MEDICO, ESPECIALIDAD, CICLOATENCION, FECHADATENCION, HORAINICIO, HORAFIN,
ASOCIADO, INDICAASISTENCIA, DIAGNOSTICO, OBSERVACIONES,indicareprog ) VALUES ( 
'00000003', '04', 1,  TO_Date( '01/20/2021 12:00:00 AM', 'MM/DD/YYYY HH:MI:SS AM')
, '1330', '1350', '00000001', '1', NULL, NULL,'0'); 
INSERT INTO E2CITA ( MEDICO, ESPECIALIDAD, CICLOATENCION, FECHADATENCION, HORAINICIO, HORAFIN,
ASOCIADO, INDICAASISTENCIA, DIAGNOSTICO, OBSERVACIONES,indicareprog ) VALUES ( 
'00000003', '04', 1,  TO_Date( '01/27/2021 12:00:00 AM', 'MM/DD/YYYY HH:MI:SS AM')
, '1400', '1420', '00000004', '0', NULL, NULL,'0'); 
INSERT INTO E2CITA ( MEDICO, ESPECIALIDAD, CICLOATENCION, FECHADATENCION, HORAINICIO, HORAFIN,
ASOCIADO, INDICAASISTENCIA, DIAGNOSTICO, OBSERVACIONES,indicareprog ) VALUES ( 
'00000003', '05', 1,  TO_Date( '01/14/2021 12:00:00 AM', 'MM/DD/YYYY HH:MI:SS AM')
, '1500', '1525', '00000011', '1', NULL, NULL,'0'); 
INSERT INTO E2CITA ( MEDICO, ESPECIALIDAD, CICLOATENCION, FECHADATENCION, HORAINICIO, HORAFIN,
ASOCIADO, INDICAASISTENCIA, DIAGNOSTICO, OBSERVACIONES,indicareprog ) VALUES ( 
'00000003', '05', 1,  TO_Date( '01/14/2021 12:00:00 AM', 'MM/DD/YYYY HH:MI:SS AM')
, '1530', '1555', '00000008', '1', NULL, NULL,'0'); 
INSERT INTO E2CITA ( MEDICO, ESPECIALIDAD, CICLOATENCION, FECHADATENCION, HORAINICIO, HORAFIN,
ASOCIADO, INDICAASISTENCIA, DIAGNOSTICO, OBSERVACIONES,indicareprog ) VALUES ( 
'00000003', '05', 1,  TO_Date( '01/14/2021 12:00:00 AM', 'MM/DD/YYYY HH:MI:SS AM')
, '1600', '1625', '00000013', '1', NULL, NULL,'0'); 
INSERT INTO E2CITA ( MEDICO, ESPECIALIDAD, CICLOATENCION, FECHADATENCION, HORAINICIO, HORAFIN,
ASOCIADO, INDICAASISTENCIA, DIAGNOSTICO, OBSERVACIONES,indicareprog ) VALUES ( 
'00000003', '05', 1,  TO_Date( '01/14/2021 12:00:00 AM', 'MM/DD/YYYY HH:MI:SS AM')
, '1630', '1655', '00000010', '0', NULL, NULL,'0'); 
INSERT INTO E2CITA ( MEDICO, ESPECIALIDAD, CICLOATENCION, FECHADATENCION, HORAINICIO, HORAFIN,
ASOCIADO, INDICAASISTENCIA, DIAGNOSTICO, OBSERVACIONES,indicareprog ) VALUES ( 
'00000003', '05', 1,  TO_Date( '01/14/2021 12:00:00 AM', 'MM/DD/YYYY HH:MI:SS AM')
, '1700', '1725', '00000009', '1', NULL, NULL,'0'); 
INSERT INTO E2CITA ( MEDICO, ESPECIALIDAD, CICLOATENCION, FECHADATENCION, HORAINICIO, HORAFIN,
ASOCIADO, INDICAASISTENCIA, DIAGNOSTICO, OBSERVACIONES,indicareprog ) VALUES ( 
'00000003', '05', 1,  TO_Date( '01/21/2021 12:00:00 AM', 'MM/DD/YYYY HH:MI:SS AM')
, '1500', '1525', '00000002', '0', NULL, NULL,'0'); 
INSERT INTO E2CITA ( MEDICO, ESPECIALIDAD, CICLOATENCION, FECHADATENCION, HORAINICIO, HORAFIN,
ASOCIADO, INDICAASISTENCIA, DIAGNOSTICO, OBSERVACIONES,indicareprog ) VALUES ( 
'00000003', '05', 1,  TO_Date( '01/21/2021 12:00:00 AM', 'MM/DD/YYYY HH:MI:SS AM')
, '1530', '1555', '00000004', '0', NULL, NULL,'0'); 
INSERT INTO E2CITA ( MEDICO, ESPECIALIDAD, CICLOATENCION, FECHADATENCION, HORAINICIO, HORAFIN,
ASOCIADO, INDICAASISTENCIA, DIAGNOSTICO, OBSERVACIONES,indicareprog ) VALUES ( 
'00000003', '05', 1,  TO_Date( '01/21/2021 12:00:00 AM', 'MM/DD/YYYY HH:MI:SS AM')
, '1630', '1655', '00000001', '0', NULL, NULL,'0'); 
INSERT INTO E2CITA ( MEDICO, ESPECIALIDAD, CICLOATENCION, FECHADATENCION, HORAINICIO, HORAFIN,
ASOCIADO, INDICAASISTENCIA, DIAGNOSTICO, OBSERVACIONES,indicareprog ) VALUES ( 
'00000003', '05', 1,  TO_Date( '01/21/2021 12:00:00 AM', 'MM/DD/YYYY HH:MI:SS AM')
, '1700', '1725', '00000011', '0', NULL, NULL,'0'); 
INSERT INTO E2CITA ( MEDICO, ESPECIALIDAD, CICLOATENCION, FECHADATENCION, HORAINICIO, HORAFIN,
ASOCIADO, INDICAASISTENCIA, DIAGNOSTICO, OBSERVACIONES,indicareprog ) VALUES ( 
'00000005', '05', 1,  TO_Date( '12/30/2020 12:00:00 AM', 'MM/DD/YYYY HH:MI:SS AM')
, '1600', '1625', '00000013', '0', NULL, NULL,'0'); 
INSERT INTO E2CITA ( MEDICO, ESPECIALIDAD, CICLOATENCION, FECHADATENCION, HORAINICIO, HORAFIN,
ASOCIADO, INDICAASISTENCIA, DIAGNOSTICO, OBSERVACIONES,indicareprog ) VALUES ( 
'00000005', '05', 1,  TO_Date( '12/30/2020 12:00:00 AM', 'MM/DD/YYYY HH:MI:SS AM')
, '1700', '1725', '00000001', '1', NULL, NULL,'0'); 
INSERT INTO E2CITA ( MEDICO, ESPECIALIDAD, CICLOATENCION, FECHADATENCION, HORAINICIO, HORAFIN,
ASOCIADO, INDICAASISTENCIA, DIAGNOSTICO, OBSERVACIONES,indicareprog ) VALUES ( 
'00000005', '05', 2,  TO_Date( '01/08/2021 12:00:00 AM', 'MM/DD/YYYY HH:MI:SS AM')
, '1400', '1425', '00000014', '1', NULL, NULL,'0'); 
INSERT INTO E2CITA ( MEDICO, ESPECIALIDAD, CICLOATENCION, FECHADATENCION, HORAINICIO, HORAFIN,
ASOCIADO, INDICAASISTENCIA, DIAGNOSTICO, OBSERVACIONES,indicareprog ) VALUES ( 
'00000005', '05', 2,  TO_Date( '01/08/2021 12:00:00 AM', 'MM/DD/YYYY HH:MI:SS AM')
, '1430', '1455', '00000004', '1', NULL, NULL,'0'); 
INSERT INTO E2CITA ( MEDICO, ESPECIALIDAD, CICLOATENCION, FECHADATENCION, HORAINICIO, HORAFIN,
ASOCIADO, INDICAASISTENCIA, DIAGNOSTICO, OBSERVACIONES,indicareprog ) VALUES ( 
'00000005', '05', 2,  TO_Date( '01/08/2021 12:00:00 AM', 'MM/DD/YYYY HH:MI:SS AM')
, '1500', '1525', '00000008', '0', NULL, NULL,'0'); 
INSERT INTO E2CITA ( MEDICO, ESPECIALIDAD, CICLOATENCION, FECHADATENCION, HORAINICIO, HORAFIN,
ASOCIADO, INDICAASISTENCIA, DIAGNOSTICO, OBSERVACIONES,indicareprog ) VALUES ( 
'00000005', '05', 2,  TO_Date( '01/08/2021 12:00:00 AM', 'MM/DD/YYYY HH:MI:SS AM')
, '1600', '1625', '00000001', '1', NULL, NULL,'0'); 
INSERT INTO E2CITA ( MEDICO, ESPECIALIDAD, CICLOATENCION, FECHADATENCION, HORAINICIO, HORAFIN,
ASOCIADO, INDICAASISTENCIA, DIAGNOSTICO, OBSERVACIONES,indicareprog ) VALUES ( 
'00000005', '05', 2,  TO_Date( '01/15/2021 12:00:00 AM', 'MM/DD/YYYY HH:MI:SS AM')
, '1430', '1455', '00000014', '1', NULL, NULL,'0'); 
INSERT INTO E2CITA ( MEDICO, ESPECIALIDAD, CICLOATENCION, FECHADATENCION, HORAINICIO, HORAFIN,
ASOCIADO, INDICAASISTENCIA, DIAGNOSTICO, OBSERVACIONES,indicareprog ) VALUES ( 
'00000005', '05', 2,  TO_Date( '01/15/2021 12:00:00 AM', 'MM/DD/YYYY HH:MI:SS AM')
, '1600', '1625', '00000009', '1', NULL, NULL,'0'); 
INSERT INTO E2CITA ( MEDICO, ESPECIALIDAD, CICLOATENCION, FECHADATENCION, HORAINICIO, HORAFIN,
ASOCIADO, INDICAASISTENCIA, DIAGNOSTICO, OBSERVACIONES,indicareprog ) VALUES ( 
'00000005', '05', 2,  TO_Date( '01/15/2021 12:00:00 AM', 'MM/DD/YYYY HH:MI:SS AM')
, '1630', '1655', '00000015', '1', NULL, NULL,'0'); 
INSERT INTO E2CITA ( MEDICO, ESPECIALIDAD, CICLOATENCION, FECHADATENCION, HORAINICIO, HORAFIN,
ASOCIADO, INDICAASISTENCIA, DIAGNOSTICO, OBSERVACIONES,indicareprog ) VALUES ( 
'00000006', '03', 1,  TO_Date( '01/07/2021 12:00:00 AM', 'MM/DD/YYYY HH:MI:SS AM')
, '1800', '1825', '00000001', '1', NULL, NULL,'0'); 
INSERT INTO E2CITA ( MEDICO, ESPECIALIDAD, CICLOATENCION, FECHADATENCION, HORAINICIO, HORAFIN,
ASOCIADO, INDICAASISTENCIA, DIAGNOSTICO, OBSERVACIONES,indicareprog ) VALUES ( 
'00000006', '03', 1,  TO_Date( '01/07/2021 12:00:00 AM', 'MM/DD/YYYY HH:MI:SS AM')
, '1830', '1855', '00000002', '1', NULL, NULL,'0'); 
INSERT INTO E2CITA ( MEDICO, ESPECIALIDAD, CICLOATENCION, FECHADATENCION, HORAINICIO, HORAFIN,
ASOCIADO, INDICAASISTENCIA, DIAGNOSTICO, OBSERVACIONES,indicareprog ) VALUES ( 
'00000006', '03', 1,  TO_Date( '01/07/2021 12:00:00 AM', 'MM/DD/YYYY HH:MI:SS AM')
, '1900', '1925', '00000004', '1', NULL, NULL,'0'); 
INSERT INTO E2CITA ( MEDICO, ESPECIALIDAD, CICLOATENCION, FECHADATENCION, HORAINICIO, HORAFIN,
ASOCIADO, INDICAASISTENCIA, DIAGNOSTICO, OBSERVACIONES,indicareprog ) VALUES ( 
'00000006', '03', 1,  TO_Date( '01/07/2021 12:00:00 AM', 'MM/DD/YYYY HH:MI:SS AM')
, '1930', '1955', '00000010', '0', NULL, NULL,'0'); 
INSERT INTO E2CITA ( MEDICO, ESPECIALIDAD, CICLOATENCION, FECHADATENCION, HORAINICIO, HORAFIN,
ASOCIADO, INDICAASISTENCIA, DIAGNOSTICO, OBSERVACIONES,indicareprog ) VALUES ( 
'00000006', '03', 1,  TO_Date( '01/07/2021 12:00:00 AM', 'MM/DD/YYYY HH:MI:SS AM')
, '2000', '2025', '00000001', '1', NULL, NULL,'0'); 
INSERT INTO E2CITA ( MEDICO, ESPECIALIDAD, CICLOATENCION, FECHADATENCION, HORAINICIO, HORAFIN,
ASOCIADO, INDICAASISTENCIA, DIAGNOSTICO, OBSERVACIONES,indicareprog ) VALUES ( 
'00000006', '03', 1,  TO_Date( '01/14/2021 12:00:00 AM', 'MM/DD/YYYY HH:MI:SS AM')
, '1800', '1825', '00000009', '1', NULL, NULL,'0'); 
INSERT INTO E2CITA ( MEDICO, ESPECIALIDAD, CICLOATENCION, FECHADATENCION, HORAINICIO, HORAFIN,
ASOCIADO, INDICAASISTENCIA, DIAGNOSTICO, OBSERVACIONES,indicareprog ) VALUES ( 
'00000006', '03', 1,  TO_Date( '01/14/2021 12:00:00 AM', 'MM/DD/YYYY HH:MI:SS AM')
, '1830', '1855', '00000002', '1', NULL, NULL,'0'); 
INSERT INTO E2CITA ( MEDICO, ESPECIALIDAD, CICLOATENCION, FECHADATENCION, HORAINICIO, HORAFIN,
ASOCIADO, INDICAASISTENCIA, DIAGNOSTICO, OBSERVACIONES,indicareprog ) VALUES ( 
'00000006', '03', 1,  TO_Date( '01/14/2021 12:00:00 AM', 'MM/DD/YYYY HH:MI:SS AM')
, '1900', '1925', '00000013', '0', NULL, NULL,'0'); 
INSERT INTO E2CITA ( MEDICO, ESPECIALIDAD, CICLOATENCION, FECHADATENCION, HORAINICIO, HORAFIN,
ASOCIADO, INDICAASISTENCIA, DIAGNOSTICO, OBSERVACIONES,indicareprog ) VALUES ( 
'00000006', '03', 1,  TO_Date( '01/14/2021 12:00:00 AM', 'MM/DD/YYYY HH:MI:SS AM')
, '1930', '1955', '00000012', '1', NULL, NULL,'0'); 
INSERT INTO E2CITA ( MEDICO, ESPECIALIDAD, CICLOATENCION, FECHADATENCION, HORAINICIO, HORAFIN,
ASOCIADO, INDICAASISTENCIA, DIAGNOSTICO, OBSERVACIONES,indicareprog ) VALUES ( 
'00000006', '03', 1,  TO_Date( '01/14/2021 12:00:00 AM', 'MM/DD/YYYY HH:MI:SS AM')
, '2000', '2025', '00000015', '1', NULL, NULL,'0'); 
INSERT INTO E2CITA ( MEDICO, ESPECIALIDAD, CICLOATENCION, FECHADATENCION, HORAINICIO, HORAFIN,
ASOCIADO, INDICAASISTENCIA, DIAGNOSTICO, OBSERVACIONES,indicareprog ) VALUES ( 
'00000006', '03', 1,  TO_Date( '01/21/2021 12:00:00 AM', 'MM/DD/YYYY HH:MI:SS AM')
, '1800', '1825', '00000012', '0', NULL, NULL,'0'); 
INSERT INTO E2CITA ( MEDICO, ESPECIALIDAD, CICLOATENCION, FECHADATENCION, HORAINICIO, HORAFIN,
ASOCIADO, INDICAASISTENCIA, DIAGNOSTICO, OBSERVACIONES,indicareprog ) VALUES ( 
'00000006', '03', 1,  TO_Date( '01/21/2021 12:00:00 AM', 'MM/DD/YYYY HH:MI:SS AM')
, '1830', '1855', '00000011', '0', NULL, NULL,'0'); 
INSERT INTO E2CITA ( MEDICO, ESPECIALIDAD, CICLOATENCION, FECHADATENCION, HORAINICIO, HORAFIN,
ASOCIADO, INDICAASISTENCIA, DIAGNOSTICO, OBSERVACIONES,indicareprog ) VALUES ( 
'00000006', '03', 1,  TO_Date( '01/21/2021 12:00:00 AM', 'MM/DD/YYYY HH:MI:SS AM')
, '1930', '1955', '00000014', '0', NULL, NULL,'0'); 
INSERT INTO E2CITA ( MEDICO, ESPECIALIDAD, CICLOATENCION, FECHADATENCION, HORAINICIO, HORAFIN,
ASOCIADO, INDICAASISTENCIA, DIAGNOSTICO, OBSERVACIONES,indicareprog ) VALUES ( 
'00000006', '03', 1,  TO_Date( '01/21/2021 12:00:00 AM', 'MM/DD/YYYY HH:MI:SS AM')
, '2000', '2025', '00000001', '0', NULL, NULL,'0'); 
INSERT INTO E2CITA ( MEDICO, ESPECIALIDAD, CICLOATENCION, FECHADATENCION, HORAINICIO, HORAFIN,
ASOCIADO, INDICAASISTENCIA, DIAGNOSTICO, OBSERVACIONES,indicareprog ) VALUES ( 
'00000006', '03', 1,  TO_Date( '01/28/2021 12:00:00 AM', 'MM/DD/YYYY HH:MI:SS AM')
, '1830', '1855', '00000014', '0', NULL, NULL,'0'); 
INSERT INTO E2CITA ( MEDICO, ESPECIALIDAD, CICLOATENCION, FECHADATENCION, HORAINICIO, HORAFIN,
ASOCIADO, INDICAASISTENCIA, DIAGNOSTICO, OBSERVACIONES,indicareprog ) VALUES ( 
'00000006', '03', 1,  TO_Date( '01/28/2021 12:00:00 AM', 'MM/DD/YYYY HH:MI:SS AM')
, '1900', '1930', '00000015', '0', NULL, NULL,'0'); 
COMMIT;
