insert into tipocuenta (idtipocuenta,descripcion,costo) values(1,'Free',0);
insert into tipocuenta (idtipocuenta,descripcion,costo) values(2,'Premium',10);

insert into privacidad (idprivacidad, descripcion,estado) values(1,'Privado','A');
insert into privacidad (idprivacidad, descripcion,estado) values(2,'Público','A');

insert into cuenta(idcuenta,usuario,contrasena,correo,idtipocuenta) values(1,'Manu2309','yfftgeo00','Manu2309@gmail.com',1);
insert into cuenta(idcuenta,usuario,contrasena,correo,idtipocuenta) values(2,'Miguel12','45ffg23_gg','Miguel12@gmail.com',1);
insert into cuenta(idcuenta,usuario,contrasena,correo,idtipocuenta) values(3,'Ana_pau23','poskl34455','Ana_pau23@gmail.com',1);
insert into cuenta(idcuenta,usuario,contrasena,correo,idtipocuenta) values(4,'tony_198','vfet550991','tony_198@gmail.com',2);
insert into cuenta(idcuenta,usuario,contrasena,correo,idtipocuenta) values(5,'Karen_torre','rtretrgvf34','Karen_torre@gmail.com',2);
insert into cuenta(idcuenta,usuario,contrasena,correo,idtipocuenta) values(6,'LuzAgilar1403','2424fsfs_08','LuzAgilar1403@gmail.com',2);
insert into cuenta(idcuenta,usuario,contrasena,correo,idtipocuenta) values(7,'Paul_1905','787gdss25','Paul_1905@gmail.com',2);
insert into cuenta(idcuenta,usuario,contrasena,correo,idtipocuenta) values(8,'rocky_456','45ffg23_gg','rocky_456@gmail.com',2);
insert into cuenta(idcuenta,usuario,contrasena,correo,idtipocuenta) values(9,'Cesarnu21','poskl34455','Cesarnu21@gmail.com',2);
insert into cuenta(idcuenta,usuario,contrasena,correo,idtipocuenta) values(10,'EduLiu','vfet550991','EduLiu@gmail.com',1);
insert into cuenta(idcuenta,usuario,contrasena,correo,idtipocuenta) values(11,'Raul_Perez_34','efsd333ddf','Raul_Perez_34@gmail.com',1);
insert into cuenta(idcuenta,usuario,contrasena,correo,idtipocuenta) values(12,'Carla95_05','6yh4fsw2','Carla95_05@gmail.com',1);
insert into cuenta(idcuenta,usuario,contrasena,correo,idtipocuenta) values(13,'Rulitos_32','ed34ecpl9','Rulitos_32@gmail.com',1);
insert into cuenta(idcuenta,usuario,contrasena,correo,idtipocuenta) values(14,'Nonick_123','poskl34455','Nonick_123@gmail.com',1);
insert into cuenta(idcuenta,usuario,contrasena,correo,idtipocuenta) values(15,'Abeta23_00','45ffg23_gg','Abeta23_00@gmail.com',2);
insert into cuenta(idcuenta,usuario,contrasena,correo,idtipocuenta) values(16,'Neitan2020','poskl34455','Neitan2020@gmail.com',2);
insert into cuenta(idcuenta,usuario,contrasena,correo,idtipocuenta) values(17,'JuanPa2110','vfet550991','JuanPa2110@gmail.com',1);
insert into cuenta(idcuenta,usuario,contrasena,correo,idtipocuenta) values(18,'Pilar_24','f34_pili_ko','Pilar_24@gmail.com',1);
insert into cuenta(idcuenta,usuario,contrasena,correo,idtipocuenta) values(19,'Ali_Martsh19','t4t0okklode','Ali_Martsh19@gmail.com',1);
insert into cuenta(idcuenta,usuario,contrasena,correo,idtipocuenta) values(20,'Meli_1414','de_lo76t3','Meli_1414@gmail.com',1);
insert into cuenta(idcuenta,usuario,contrasena,correo,idtipocuenta) values(21,'Cris00_22','34_0polj74e_','Cris00_22@gmail.com',1);


insert into video (idvideo,titulo, minutos_duracion,idcuenta_propietaria, idprivacidad) values(1,'Programación C++ basics',107,16,2);
insert into video (idvideo,titulo, minutos_duracion,idcuenta_propietaria, idprivacidad) values(2,'Python 1',72,10,2);
insert into video (idvideo,titulo, minutos_duracion,idcuenta_propietaria, idprivacidad) values(3,'Base de Datos Oracle parte 1',102,3,1);
insert into video (idvideo,titulo, minutos_duracion,idcuenta_propietaria, idprivacidad) values(4,'Programación en Android',61,15,1);
insert into video (idvideo,titulo, minutos_duracion,idcuenta_propietaria, idprivacidad) values(5,'IOS paso a paso',90,6,2);
insert into video (idvideo,titulo, minutos_duracion,idcuenta_propietaria, idprivacidad) values(6,'Programar a Alexa',75,15,2);
insert into video (idvideo,titulo, minutos_duracion,idcuenta_propietaria, idprivacidad) values(7,'Arduino paso a paso',143,12,1);
insert into video (idvideo,titulo, minutos_duracion,idcuenta_propietaria, idprivacidad) values(8,'Programar en web',81,21,2);
insert into video (idvideo,titulo, minutos_duracion,idcuenta_propietaria, idprivacidad) values(9,'Javascript para principiantes',97,12,2);
insert into video (idvideo,titulo, minutos_duracion,idcuenta_propietaria, idprivacidad) values(10,'BigData - Mongo',136,14,1);
insert into video (idvideo,titulo, minutos_duracion,idcuenta_propietaria, idprivacidad) values(11,'Blockchain - usos',100,3,2);
insert into video (idvideo,titulo, minutos_duracion,idcuenta_propietaria, idprivacidad) values(12,'Programación en IOS',105,11,1);
insert into video (idvideo,titulo, minutos_duracion,idcuenta_propietaria, idprivacidad) values(13,'Design Thinking 2.1',120,14,2);
insert into video (idvideo,titulo, minutos_duracion,idcuenta_propietaria, idprivacidad) values(14,'Modelo multidimensiona',102,21,1);
insert into video (idvideo,titulo, minutos_duracion,idcuenta_propietaria, idprivacidad) values(15,'Power BI - Nivel intermedio',144,2,2);
insert into video (idvideo,titulo, minutos_duracion,idcuenta_propietaria, idprivacidad) values(16,'Creación de Cubos ',80,2,2);
insert into video (idvideo,titulo, minutos_duracion,idcuenta_propietaria, idprivacidad) values(17,'IBM - Watson',85,1,1);
insert into video (idvideo,titulo, minutos_duracion,idcuenta_propietaria, idprivacidad) values(18,'Mi primera APP en Android',76,17,1);
insert into video (idvideo,titulo, minutos_duracion,idcuenta_propietaria, idprivacidad) values(19,'Javascript para avanzado',112,21,1);
insert into video (idvideo,titulo, minutos_duracion,idcuenta_propietaria, idprivacidad) values(20,'Modelo relacional parte 1',63,10,1);
insert into video (idvideo,titulo, minutos_duracion,idcuenta_propietaria, idprivacidad) values(21,'Base de Datos orientadas a documentos',67,6,1);
insert into video (idvideo,titulo, minutos_duracion,idcuenta_propietaria, idprivacidad) values(22,'HTML primeros pasos',95,13,1);
insert into video (idvideo,titulo, minutos_duracion,idcuenta_propietaria, idprivacidad) values(23,'Programación de arduinos',94,4,1);
insert into video (idvideo,titulo, minutos_duracion,idcuenta_propietaria, idprivacidad) values(24,'Robot con sensores de movimiento',109,10,2);
insert into video (idvideo,titulo, minutos_duracion,idcuenta_propietaria, idprivacidad) values(25,'Reconocimiento facial',144,9,1);
insert into video (idvideo,titulo, minutos_duracion,idcuenta_propietaria, idprivacidad) values(26,'Código de reconocimiento dactilar en Android',144,6,2);


insert into publicidad (idpublicidad,idempresa,precioporsegundo,duracionporsegundo,idpublicidad_asociada) values(1,'27641835',88,10,3);
insert into publicidad (idpublicidad,idempresa,precioporsegundo,duracionporsegundo,idpublicidad_asociada) values(2,'12155623',90,15,4);
insert into publicidad (idpublicidad,idempresa,precioporsegundo,duracionporsegundo,idpublicidad_asociada) values(3,'25252180',39,12,5);
insert into publicidad (idpublicidad,idempresa,precioporsegundo,duracionporsegundo,idpublicidad_asociada) values(4,'95888153',96,7,6);
insert into publicidad (idpublicidad,idempresa,precioporsegundo,duracionporsegundo,idpublicidad_asociada) values(5,'17874398',53,10,7);
insert into publicidad (idpublicidad,idempresa,precioporsegundo,duracionporsegundo,idpublicidad_asociada) values(6,'13152149',42,9,8);
insert into publicidad (idpublicidad,idempresa,precioporsegundo,duracionporsegundo,idpublicidad_asociada) values(7,'33179342',84,15,9);
insert into publicidad (idpublicidad,idempresa,precioporsegundo,duracionporsegundo,idpublicidad_asociada) values(8,'28020583',50,15,10);
insert into publicidad (idpublicidad,idempresa,precioporsegundo,duracionporsegundo,idpublicidad_asociada) values(9,'69154522',36,11,11);
insert into publicidad (idpublicidad,idempresa,precioporsegundo,duracionporsegundo,idpublicidad_asociada) values(10,'98227151',69,10,12);
insert into publicidad (idpublicidad,idempresa,precioporsegundo,duracionporsegundo,idpublicidad_asociada) values(11,'27667184',80,12,13);
insert into publicidad (idpublicidad,idempresa,precioporsegundo,duracionporsegundo,idpublicidad_asociada) values(12,'35169363',73,12,14);
insert into publicidad (idpublicidad,idempresa,precioporsegundo,duracionporsegundo,idpublicidad_asociada) values(13,'39623409',42,10,15);
insert into publicidad (idpublicidad,idempresa,precioporsegundo,duracionporsegundo,idpublicidad_asociada) values(14,'43713406',20,12,16);
insert into publicidad (idpublicidad,idempresa,precioporsegundo,duracionporsegundo,idpublicidad_asociada) values(15,'86877123',90,15,17);
insert into publicidad (idpublicidad,idempresa,precioporsegundo,duracionporsegundo,idpublicidad_asociada) values(16,'32749238',86,15,18);
insert into publicidad (idpublicidad,idempresa,precioporsegundo,duracionporsegundo,idpublicidad_asociada) values(17,'78640582',38,15,19);
insert into publicidad (idpublicidad,idempresa,precioporsegundo,duracionporsegundo,idpublicidad_asociada) values(18,'95111420',97,12,20);
insert into publicidad (idpublicidad,idempresa,precioporsegundo,duracionporsegundo,idpublicidad_asociada) values(19,'92891803',25,15,null);
insert into publicidad (idpublicidad,idempresa,precioporsegundo,duracionporsegundo,idpublicidad_asociada) values(20,'41457013',36,11,null);


insert into publicidad_x_video (idpublicidad, idvideo, activo) values(6,7,1);
insert into publicidad_x_video (idpublicidad, idvideo, activo) values(3,12,1);
insert into publicidad_x_video (idpublicidad, idvideo, activo) values(1,2,1);
insert into publicidad_x_video (idpublicidad, idvideo, activo) values(8,6,1);
insert into publicidad_x_video (idpublicidad, idvideo, activo) values(10,6,1);
insert into publicidad_x_video (idpublicidad, idvideo, activo) values(18,17,1);
insert into publicidad_x_video (idpublicidad, idvideo, activo) values(17,2,1);
insert into publicidad_x_video (idpublicidad, idvideo, activo) values(13,16,1);
insert into publicidad_x_video (idpublicidad, idvideo, activo) values(2,5,1);
insert into publicidad_x_video (idpublicidad, idvideo, activo) values(4,15,1);
insert into publicidad_x_video (idpublicidad, idvideo, activo) values(7,19,1);
insert into publicidad_x_video (idpublicidad, idvideo, activo) values(10,10,0);
insert into publicidad_x_video (idpublicidad, idvideo, activo) values(12,15,1);
insert into publicidad_x_video (idpublicidad, idvideo, activo) values(19,5,1);
insert into publicidad_x_video (idpublicidad, idvideo, activo) values(14,3,1);
insert into publicidad_x_video (idpublicidad, idvideo, activo) values(10,25,1);
insert into publicidad_x_video (idpublicidad, idvideo, activo) values(13,10,0);
insert into publicidad_x_video (idpublicidad, idvideo, activo) values(5,15,1);
insert into publicidad_x_video (idpublicidad, idvideo, activo) values(4,25,1);
insert into publicidad_x_video (idpublicidad, idvideo, activo) values(1,3,1);
insert into publicidad_x_video (idpublicidad, idvideo, activo) values(11,21,1);
insert into publicidad_x_video (idpublicidad, idvideo, activo) values(10,24,1);
insert into publicidad_x_video (idpublicidad, idvideo, activo) values(8,3,1);
insert into publicidad_x_video (idpublicidad, idvideo, activo) values(6,8,1);
insert into publicidad_x_video (idpublicidad, idvideo, activo) values(12,8,0);
insert into publicidad_x_video (idpublicidad, idvideo, activo) values(4,17,1);
insert into publicidad_x_video (idpublicidad, idvideo, activo) values(12,21,1);
insert into publicidad_x_video (idpublicidad, idvideo, activo) values(15,9,1);
insert into publicidad_x_video (idpublicidad, idvideo, activo) values(11,6,1);
insert into publicidad_x_video (idpublicidad, idvideo, activo) values(3,9,1);
insert into publicidad_x_video (idpublicidad, idvideo, activo) values(10,7,1);
insert into publicidad_x_video (idpublicidad, idvideo, activo) values(11,11,0);
insert into publicidad_x_video (idpublicidad, idvideo, activo) values(3,15,1);
insert into publicidad_x_video (idpublicidad, idvideo, activo) values(14,19,1);
insert into publicidad_x_video (idpublicidad, idvideo, activo) values(15,25,1);
insert into publicidad_x_video (idpublicidad, idvideo, activo) values(2,8,1);
insert into publicidad_x_video (idpublicidad, idvideo, activo) values(10,18,1);
insert into publicidad_x_video (idpublicidad, idvideo, activo) values(10,14,1);
insert into publicidad_x_video (idpublicidad, idvideo, activo) values(5,18,1);
insert into publicidad_x_video (idpublicidad, idvideo, activo) values(3,24,1);
insert into publicidad_x_video (idpublicidad, idvideo, activo) values(18,2,1);
insert into publicidad_x_video (idpublicidad, idvideo, activo) values(4,2,1);
insert into publicidad_x_video (idpublicidad, idvideo, activo) values(16,3,1);
insert into publicidad_x_video (idpublicidad, idvideo, activo) values(3,18,1);
insert into publicidad_x_video (idpublicidad, idvideo, activo) values(8,9,1);
insert into publicidad_x_video (idpublicidad, idvideo, activo) values(11,8,1);
insert into publicidad_x_video (idpublicidad, idvideo, activo) values(7,17,1);
insert into publicidad_x_video (idpublicidad, idvideo, activo) values(8,18,1);
insert into publicidad_x_video (idpublicidad, idvideo, activo) values(7,18,1);
insert into publicidad_x_video (idpublicidad, idvideo, activo) values(12,22,1);
insert into publicidad_x_video (idpublicidad, idvideo, activo) values(10,8,1);
insert into publicidad_x_video (idpublicidad, idvideo, activo) values(14,9,1);


insert into accion (idcuenta,idvideo,flaglike,flagdislike,flagcompartido,flagcomentario,min_reproduccion,fecha_like) values ('12','9','0','0','1','1','78',null);
insert into accion (idcuenta,idvideo,flaglike,flagdislike,flagcompartido,flagcomentario,min_reproduccion,fecha_like) values ('19','2','0','0','0','1','27',null);
insert into accion (idcuenta,idvideo,flaglike,flagdislike,flagcompartido,flagcomentario,min_reproduccion,fecha_like) values ('20','15','1','0','1','0','45',to_date('07/08/21','DD/MM/YY'));
insert into accion (idcuenta,idvideo,flaglike,flagdislike,flagcompartido,flagcomentario,min_reproduccion,fecha_like) values ('14','19','1','0','0','1','65',to_date('09/08/21','DD/MM/YY'));
insert into accion (idcuenta,idvideo,flaglike,flagdislike,flagcompartido,flagcomentario,min_reproduccion,fecha_like) values ('9','10','1','0','1','0','113',to_date('11/08/21','DD/MM/YY'));
insert into accion (idcuenta,idvideo,flaglike,flagdislike,flagcompartido,flagcomentario,min_reproduccion,fecha_like) values ('11','22','0','0','1','1','69',null);
insert into accion (idcuenta,idvideo,flaglike,flagdislike,flagcompartido,flagcomentario,min_reproduccion,fecha_like) values ('13','16','1','0','0','1','4',to_date('18/08/21','DD/MM/YY'));
insert into accion (idcuenta,idvideo,flaglike,flagdislike,flagcompartido,flagcomentario,min_reproduccion,fecha_like) values ('5','7','1','0','0','0','42',to_date('21/08/21','DD/MM/YY'));
insert into accion (idcuenta,idvideo,flaglike,flagdislike,flagcompartido,flagcomentario,min_reproduccion,fecha_like) values ('9','13','0','0','0','0','41',null);
insert into accion (idcuenta,idvideo,flaglike,flagdislike,flagcompartido,flagcomentario,min_reproduccion,fecha_like) values ('18','24','1','0','1','0','35',to_date('30/08/21','DD/MM/YY'));
insert into accion (idcuenta,idvideo,flaglike,flagdislike,flagcompartido,flagcomentario,min_reproduccion,fecha_like) values ('19','6','0','0','1','0','69',null);
insert into accion (idcuenta,idvideo,flaglike,flagdislike,flagcompartido,flagcomentario,min_reproduccion,fecha_like) values ('17','14','0','0','0','1','74',null);
insert into accion (idcuenta,idvideo,flaglike,flagdislike,flagcompartido,flagcomentario,min_reproduccion,fecha_like) values ('1','3','1','0','1','0','10',to_date('06/09/21','DD/MM/YY'));
insert into accion (idcuenta,idvideo,flaglike,flagdislike,flagcompartido,flagcomentario,min_reproduccion,fecha_like) values ('3','18','1','0','1','1','49',to_date('07/09/21','DD/MM/YY'));
insert into accion (idcuenta,idvideo,flaglike,flagdislike,flagcompartido,flagcomentario,min_reproduccion,fecha_like) values ('21','17','0','0','1','0','5',null);
insert into accion (idcuenta,idvideo,flaglike,flagdislike,flagcompartido,flagcomentario,min_reproduccion,fecha_like) values ('20','6','0','0','1','1','68',null);
insert into accion (idcuenta,idvideo,flaglike,flagdislike,flagcompartido,flagcomentario,min_reproduccion,fecha_like) values ('1','26','1','0','1','0','35',to_date('01/08/21','DD/MM/YY'));
insert into accion (idcuenta,idvideo,flaglike,flagdislike,flagcompartido,flagcomentario,min_reproduccion,fecha_like) values ('15','19','1','0','1','1','108',to_date('03/08/21','DD/MM/YY'));
insert into accion (idcuenta,idvideo,flaglike,flagdislike,flagcompartido,flagcomentario,min_reproduccion,fecha_like) values ('8','6','0','0','1','1','70',null);
insert into accion (idcuenta,idvideo,flaglike,flagdislike,flagcompartido,flagcomentario,min_reproduccion,fecha_like) values ('16','19','0','0','0','1','82',null);
insert into accion (idcuenta,idvideo,flaglike,flagdislike,flagcompartido,flagcomentario,min_reproduccion,fecha_like) values ('20','5','1','0','0','1','63',to_date('11/08/21','DD/MM/YY'));
insert into accion (idcuenta,idvideo,flaglike,flagdislike,flagcompartido,flagcomentario,min_reproduccion,fecha_like) values ('8','25','0','0','0','1','73',null);
insert into accion (idcuenta,idvideo,flaglike,flagdislike,flagcompartido,flagcomentario,min_reproduccion,fecha_like) values ('10','23','1','0','0','0','20',to_date('16/08/21','DD/MM/YY'));
insert into accion (idcuenta,idvideo,flaglike,flagdislike,flagcompartido,flagcomentario,min_reproduccion,fecha_like) values ('3','23','1','0','0','1','49',to_date('19/08/21','DD/MM/YY'));
insert into accion (idcuenta,idvideo,flaglike,flagdislike,flagcompartido,flagcomentario,min_reproduccion,fecha_like) values ('19','22','0','0','0','0','12',null);
insert into accion (idcuenta,idvideo,flaglike,flagdislike,flagcompartido,flagcomentario,min_reproduccion,fecha_like) values ('14','25','1','0','1','0','142',to_date('26/08/21','DD/MM/YY'));
insert into accion (idcuenta,idvideo,flaglike,flagdislike,flagcompartido,flagcomentario,min_reproduccion,fecha_like) values ('15','20','0','0','0','1','63',null);
insert into accion (idcuenta,idvideo,flaglike,flagdislike,flagcompartido,flagcomentario,min_reproduccion,fecha_like) values ('19','13','1','0','1','1','75',to_date('29/08/21','DD/MM/YY'));
insert into accion (idcuenta,idvideo,flaglike,flagdislike,flagcompartido,flagcomentario,min_reproduccion,fecha_like) values ('1','13','1','0','1','1','67',to_date('31/08/21','DD/MM/YY'));
insert into accion (idcuenta,idvideo,flaglike,flagdislike,flagcompartido,flagcomentario,min_reproduccion,fecha_like) values ('12','10','1','1','1','1','11',to_date('01/09/21','DD/MM/YY'));
insert into accion (idcuenta,idvideo,flaglike,flagdislike,flagcompartido,flagcomentario,min_reproduccion,fecha_like) values ('7','11','0','0','0','1','55',null);
insert into accion (idcuenta,idvideo,flaglike,flagdislike,flagcompartido,flagcomentario,min_reproduccion,fecha_like) values ('3','7','1','0','1','0','120',to_date('07/09/21','DD/MM/YY'));
insert into accion (idcuenta,idvideo,flaglike,flagdislike,flagcompartido,flagcomentario,min_reproduccion,fecha_like) values ('10','7','0','0','1','0','59',null);
insert into accion (idcuenta,idvideo,flaglike,flagdislike,flagcompartido,flagcomentario,min_reproduccion,fecha_like) values ('21','15','1','0','1','0','107',to_date('13/09/21','DD/MM/YY'));
insert into accion (idcuenta,idvideo,flaglike,flagdislike,flagcompartido,flagcomentario,min_reproduccion,fecha_like) values ('7','2','0','0','0','1','40',null);
insert into accion (idcuenta,idvideo,flaglike,flagdislike,flagcompartido,flagcomentario,min_reproduccion,fecha_like) values ('21','7','1','0','0','0','76',to_date('04/08/21','DD/MM/YY'));
insert into accion (idcuenta,idvideo,flaglike,flagdislike,flagcompartido,flagcomentario,min_reproduccion,fecha_like) values ('4','26','0','0','0','1','61',null);
insert into accion (idcuenta,idvideo,flaglike,flagdislike,flagcompartido,flagcomentario,min_reproduccion,fecha_like) values ('21','16','1','0','1','1','4',to_date('09/08/21','DD/MM/YY'));
insert into accion (idcuenta,idvideo,flaglike,flagdislike,flagcompartido,flagcomentario,min_reproduccion,fecha_like) values ('10','8','1','0','1','1','2',to_date('10/08/21','DD/MM/YY'));
insert into accion (idcuenta,idvideo,flaglike,flagdislike,flagcompartido,flagcomentario,min_reproduccion,fecha_like) values ('18','16','0','0','0','0','34',null);
insert into accion (idcuenta,idvideo,flaglike,flagdislike,flagcompartido,flagcomentario,min_reproduccion,fecha_like) values ('15','23','0','0','0','1','94',null);
insert into accion (idcuenta,idvideo,flaglike,flagdislike,flagcompartido,flagcomentario,min_reproduccion,fecha_like) values ('19','1','0','0','0','1','17',null);
insert into accion (idcuenta,idvideo,flaglike,flagdislike,flagcompartido,flagcomentario,min_reproduccion,fecha_like) values ('18','26','0','0','1','1','58',null);
insert into accion (idcuenta,idvideo,flaglike,flagdislike,flagcompartido,flagcomentario,min_reproduccion,fecha_like) values ('21','10','0','0','1','0','37',null);
insert into accion (idcuenta,idvideo,flaglike,flagdislike,flagcompartido,flagcomentario,min_reproduccion,fecha_like) values ('1','9','1','0','1','0','140',to_date('20/08/21','DD/MM/YY'));
insert into accion (idcuenta,idvideo,flaglike,flagdislike,flagcompartido,flagcomentario,min_reproduccion,fecha_like) values ('2','9','1','0','1','0','140',to_date('20/08/21','DD/MM/YY'));
insert into accion (idcuenta,idvideo,flaglike,flagdislike,flagcompartido,flagcomentario,min_reproduccion,fecha_like) values ('3','9','1','0','1','0','140',to_date('20/08/21','DD/MM/YY'));
insert into accion (idcuenta,idvideo,flaglike,flagdislike,flagcompartido,flagcomentario,min_reproduccion,fecha_like) values ('4','9','1','0','1','0','140',to_date('20/08/21','DD/MM/YY'));
insert into accion (idcuenta,idvideo,flaglike,flagdislike,flagcompartido,flagcomentario,min_reproduccion,fecha_like) values ('5','9','1','0','1','0','140',to_date('20/08/21','DD/MM/YY'));
insert into accion (idcuenta,idvideo,flaglike,flagdislike,flagcompartido,flagcomentario,min_reproduccion,fecha_like) values ('6','9','1','0','1','0','140',to_date('20/08/21','DD/MM/YY'));
insert into accion (idcuenta,idvideo,flaglike,flagdislike,flagcompartido,flagcomentario,min_reproduccion,fecha_like) values ('7','9','1','0','1','0','140',to_date('20/08/21','DD/MM/YY'));
insert into accion (idcuenta,idvideo,flaglike,flagdislike,flagcompartido,flagcomentario,min_reproduccion,fecha_like) values ('8','9','1','0','1','0','140',to_date('20/08/21','DD/MM/YY'));
insert into accion (idcuenta,idvideo,flaglike,flagdislike,flagcompartido,flagcomentario,min_reproduccion,fecha_like) values ('9','9','1','0','1','0','140',to_date('20/08/21','DD/MM/YY'));
insert into accion (idcuenta,idvideo,flaglike,flagdislike,flagcompartido,flagcomentario,min_reproduccion,fecha_like) values ('10','9','1','0','1','0','140',to_date('20/08/21','DD/MM/YY'));
insert into accion (idcuenta,idvideo,flaglike,flagdislike,flagcompartido,flagcomentario,min_reproduccion,fecha_like) values ('11','9','1','0','1','0','140',to_date('20/08/21','DD/MM/YY'));
insert into accion (idcuenta,idvideo,flaglike,flagdislike,flagcompartido,flagcomentario,min_reproduccion,fecha_like) values ('13','9','1','0','1','0','140',to_date('20/08/21','DD/MM/YY'));
insert into accion (idcuenta,idvideo,flaglike,flagdislike,flagcompartido,flagcomentario,min_reproduccion,fecha_like) values ('14','9','1','0','1','0','140',to_date('20/08/21','DD/MM/YY'));
insert into accion (idcuenta,idvideo,flaglike,flagdislike,flagcompartido,flagcomentario,min_reproduccion,fecha_like) values ('15','9','1','0','1','0','140',to_date('20/08/21','DD/MM/YY'));
insert into accion (idcuenta,idvideo,flaglike,flagdislike,flagcompartido,flagcomentario,min_reproduccion,fecha_like) values ('16','9','1','0','1','0','140',to_date('20/08/21','DD/MM/YY'));
insert into accion (idcuenta,idvideo,flaglike,flagdislike,flagcompartido,flagcomentario,min_reproduccion,fecha_like) values ('17','9','1','0','1','0','140',to_date('20/08/21','DD/MM/YY'));
insert into accion (idcuenta,idvideo,flaglike,flagdislike,flagcompartido,flagcomentario,min_reproduccion,fecha_like) values ('18','9','1','0','1','0','140',to_date('20/08/21','DD/MM/YY'));
insert into accion (idcuenta,idvideo,flaglike,flagdislike,flagcompartido,flagcomentario,min_reproduccion,fecha_like) values ('19','9','1','0','1','0','140',to_date('20/08/21','DD/MM/YY'));
insert into accion (idcuenta,idvideo,flaglike,flagdislike,flagcompartido,flagcomentario,min_reproduccion,fecha_like) values ('20','9','1','0','1','0','140',to_date('20/08/21','DD/MM/YY'));
insert into accion (idcuenta,idvideo,flaglike,flagdislike,flagcompartido,flagcomentario,min_reproduccion,fecha_like) values ('21','9','1','0','1','0','140',to_date('20/08/21','DD/MM/YY'));
insert into accion (idcuenta,idvideo,flaglike,flagdislike,flagcompartido,flagcomentario,min_reproduccion,fecha_like) values ('1','1','1','0','1','0','140',to_date('12/08/21','DD/MM/YY'));
insert into accion (idcuenta,idvideo,flaglike,flagdislike,flagcompartido,flagcomentario,min_reproduccion,fecha_like) values ('2','1','1','0','1','0','140',to_date('12/08/21','DD/MM/YY'));
insert into accion (idcuenta,idvideo,flaglike,flagdislike,flagcompartido,flagcomentario,min_reproduccion,fecha_like) values ('3','1','1','0','1','0','140',to_date('12/08/21','DD/MM/YY'));
insert into accion (idcuenta,idvideo,flaglike,flagdislike,flagcompartido,flagcomentario,min_reproduccion,fecha_like) values ('4','1','1','0','1','0','140',to_date('12/08/21','DD/MM/YY'));
insert into accion (idcuenta,idvideo,flaglike,flagdislike,flagcompartido,flagcomentario,min_reproduccion,fecha_like) values ('5','1','1','0','1','0','140',to_date('12/08/21','DD/MM/YY'));
insert into accion (idcuenta,idvideo,flaglike,flagdislike,flagcompartido,flagcomentario,min_reproduccion,fecha_like) values ('6','1','1','0','1','0','140',to_date('12/08/21','DD/MM/YY'));
insert into accion (idcuenta,idvideo,flaglike,flagdislike,flagcompartido,flagcomentario,min_reproduccion,fecha_like) values ('7','1','1','0','1','0','140',to_date('20/08/21','DD/MM/YY'));
insert into accion (idcuenta,idvideo,flaglike,flagdislike,flagcompartido,flagcomentario,min_reproduccion,fecha_like) values ('8','1','1','0','1','0','140',to_date('20/08/21','DD/MM/YY'));
insert into accion (idcuenta,idvideo,flaglike,flagdislike,flagcompartido,flagcomentario,min_reproduccion,fecha_like) values ('9','1','1','0','1','0','140',to_date('20/08/21','DD/MM/YY'));
insert into accion (idcuenta,idvideo,flaglike,flagdislike,flagcompartido,flagcomentario,min_reproduccion,fecha_like) values ('10','1','1','0','1','0','140',to_date('20/08/21','DD/MM/YY'));
insert into accion (idcuenta,idvideo,flaglike,flagdislike,flagcompartido,flagcomentario,min_reproduccion,fecha_like) values ('11','1','1','0','1','0','140',to_date('20/08/21','DD/MM/YY'));
insert into accion (idcuenta,idvideo,flaglike,flagdislike,flagcompartido,flagcomentario,min_reproduccion,fecha_like) values ('12','1','1','0','1','0','140',to_date('20/08/21','DD/MM/YY'));
insert into accion (idcuenta,idvideo,flaglike,flagdislike,flagcompartido,flagcomentario,min_reproduccion,fecha_like) values ('13','1','1','0','1','0','140',to_date('20/08/21','DD/MM/YY'));
insert into accion (idcuenta,idvideo,flaglike,flagdislike,flagcompartido,flagcomentario,min_reproduccion,fecha_like) values ('14','1','1','0','1','0','140',to_date('20/08/21','DD/MM/YY'));
insert into accion (idcuenta,idvideo,flaglike,flagdislike,flagcompartido,flagcomentario,min_reproduccion,fecha_like) values ('15','1','1','0','1','0','140',to_date('12/08/21','DD/MM/YY'));
insert into accion (idcuenta,idvideo,flaglike,flagdislike,flagcompartido,flagcomentario,min_reproduccion,fecha_like) values ('16','1','1','0','1','0','140',to_date('20/08/21','DD/MM/YY'));
insert into accion (idcuenta,idvideo,flaglike,flagdislike,flagcompartido,flagcomentario,min_reproduccion,fecha_like) values ('17','1','1','0','1','0','140',to_date('20/08/21','DD/MM/YY'));
insert into accion (idcuenta,idvideo,flaglike,flagdislike,flagcompartido,flagcomentario,min_reproduccion,fecha_like) values ('18','1','1','0','1','0','140',to_date('20/08/21','DD/MM/YY'));
insert into accion (idcuenta,idvideo,flaglike,flagdislike,flagcompartido,flagcomentario,min_reproduccion,fecha_like) values ('20','1','1','0','1','0','140',to_date('20/08/21','DD/MM/YY'));
insert into accion (idcuenta,idvideo,flaglike,flagdislike,flagcompartido,flagcomentario,min_reproduccion,fecha_like) values ('21','1','1','0','1','0','140',to_date('20/08/21','DD/MM/YY'));
insert into accion (idcuenta,idvideo,flaglike,flagdislike,flagcompartido,flagcomentario,min_reproduccion,fecha_like) values ('2','3','1','0','1','0','140',to_date('13/09/21','DD/MM/YY'));
insert into accion (idcuenta,idvideo,flaglike,flagdislike,flagcompartido,flagcomentario,min_reproduccion,fecha_like) values ('3','3','1','0','1','0','140',to_date('13/09/21','DD/MM/YY'));
insert into accion (idcuenta,idvideo,flaglike,flagdislike,flagcompartido,flagcomentario,min_reproduccion,fecha_like) values ('4','3','1','0','1','0','140',to_date('13/09/21','DD/MM/YY'));
insert into accion (idcuenta,idvideo,flaglike,flagdislike,flagcompartido,flagcomentario,min_reproduccion,fecha_like) values ('5','3','1','0','1','0','140',to_date('12/08/21','DD/MM/YY'));
insert into accion (idcuenta,idvideo,flaglike,flagdislike,flagcompartido,flagcomentario,min_reproduccion,fecha_like) values ('6','3','1','0','1','0','140',to_date('12/08/21','DD/MM/YY'));
insert into accion (idcuenta,idvideo,flaglike,flagdislike,flagcompartido,flagcomentario,min_reproduccion,fecha_like) values ('7','3','1','0','1','0','140',to_date('20/08/21','DD/MM/YY'));
insert into accion (idcuenta,idvideo,flaglike,flagdislike,flagcompartido,flagcomentario,min_reproduccion,fecha_like) values ('8','3','1','0','1','0','140',to_date('20/08/21','DD/MM/YY'));
insert into accion (idcuenta,idvideo,flaglike,flagdislike,flagcompartido,flagcomentario,min_reproduccion,fecha_like) values ('9','3','1','0','1','0','140',to_date('20/08/21','DD/MM/YY'));
insert into accion (idcuenta,idvideo,flaglike,flagdislike,flagcompartido,flagcomentario,min_reproduccion,fecha_like) values ('10','3','1','0','1','0','140',to_date('20/08/21','DD/MM/YY'));
insert into accion (idcuenta,idvideo,flaglike,flagdislike,flagcompartido,flagcomentario,min_reproduccion,fecha_like) values ('11','3','1','0','1','0','140',to_date('20/08/21','DD/MM/YY'));
insert into accion (idcuenta,idvideo,flaglike,flagdislike,flagcompartido,flagcomentario,min_reproduccion,fecha_like) values ('12','3','1','0','1','0','140',to_date('20/08/21','DD/MM/YY'));
insert into accion (idcuenta,idvideo,flaglike,flagdislike,flagcompartido,flagcomentario,min_reproduccion,fecha_like) values ('13','3','1','0','1','0','140',to_date('13/09/21','DD/MM/YY'));
insert into accion (idcuenta,idvideo,flaglike,flagdislike,flagcompartido,flagcomentario,min_reproduccion,fecha_like) values ('14','16','1','0','1','0','99',to_date('20/08/21','DD/MM/YY'));
insert into accion (idcuenta,idvideo,flaglike,flagdislike,flagcompartido,flagcomentario,min_reproduccion,fecha_like) values ('15','16','1','0','1','0','99',to_date('12/08/21','DD/MM/YY'));
insert into accion (idcuenta,idvideo,flaglike,flagdislike,flagcompartido,flagcomentario,min_reproduccion,fecha_like) values ('16','16','1','0','1','0','99',to_date('20/08/21','DD/MM/YY'));
insert into accion (idcuenta,idvideo,flaglike,flagdislike,flagcompartido,flagcomentario,min_reproduccion,fecha_like) values ('17','16','1','0','1','0','70',to_date('20/08/21','DD/MM/YY'));
insert into accion (idcuenta,idvideo,flaglike,flagdislike,flagcompartido,flagcomentario,min_reproduccion,fecha_like) values ('19','16','1','0','1','0','99',to_date('20/08/21','DD/MM/YY'));
insert into accion (idcuenta,idvideo,flaglike,flagdislike,flagcompartido,flagcomentario,min_reproduccion,fecha_like) values ('20','16','1','0','1','0','34',to_date('20/08/21','DD/MM/YY'));

commit;