INSERT INTO SPB_PAIS ( COD_PAIS, DESCRIPCION )
VALUES ('PE', 'Perú');
INSERT INTO SPB_PAIS ( COD_PAIS, DESCRIPCION )
VALUES ('AR', 'Argentina');
INSERT INTO SPB_PAIS ( COD_PAIS, DESCRIPCION )
VALUES ('CO', 'Colombia');

INSERT INTO SPB_PERSONA ( DNI, NOMBRES, APELLIDO1, APELLIDO2, NACIONALIDAD, DIRECCION, SEXO, FECHA_NAC, EMAIL ) 
VALUES ('10000001', 'Ivan', 'Garcia', 'Lopez', 'PE', 'Calle 1', 'M', TO_DATE('05/01/1974', 'DD/MM/YYYY'), 'igarcio@correo.com');
INSERT INTO SPB_PERSONA ( DNI, NOMBRES, APELLIDO1, APELLIDO2, NACIONALIDAD, DIRECCION, SEXO, FECHA_NAC, EMAIL ) 
VALUES ('10000002', 'Carla', 'Villegas', 'Ruiz', 'CO', 'Calle 2', 'F', TO_DATE('05/09/1984', 'DD/MM/YYYY'), 'cvillegas@correo.com');
INSERT INTO SPB_PERSONA ( DNI, NOMBRES, APELLIDO1, APELLIDO2, NACIONALIDAD, DIRECCION, SEXO, FECHA_NAC, EMAIL ) 
VALUES ('10000003', 'Luis', 'Galvez', 'Montoya', 'AR', 'Calle A Urb Ate Tacna', 'M', TO_DATE('06/10/1981', 'DD/MM/YYYY'), 'lmontoya@correo.com');
INSERT INTO SPB_PERSONA ( DNI, NOMBRES, APELLIDO1, APELLIDO2, NACIONALIDAD, DIRECCION, SEXO, FECHA_NAC, EMAIL ) 
VALUES ('10000004', 'Ines', 'Valverde', 'Alegria', 'PE', 'Calle B Urb Basadre Tacna',  'F', TO_DATE('15/11/1982', 'DD/MM/YYYY'), 'ivalverde@correo.com');
INSERT INTO SPB_PERSONA ( DNI, NOMBRES, APELLIDO1, APELLIDO2, NACIONALIDAD, DIRECCION, SEXO, FECHA_NAC, EMAIL ) 
VALUES ('10000005', 'Jorge', 'Palomino', 'Guisado', 'PE', 'Calle X Urb Los Alisos Huancavelica', 'M', TO_DATE('04/01/1980', 'DD/MM/YYYY'), 'jpalomino@correo.com');
INSERT INTO SPB_PERSONA ( DNI, NOMBRES, APELLIDO1, APELLIDO2, NACIONALIDAD, DIRECCION, SEXO, FECHA_NAC, EMAIL ) 
VALUES ('10000006', 'Marlene', 'Vivanco', 'Partor', 'PE', 'Calle Z Urb Cipreses Huancavelica', 'F', TO_DATE('04/01/1980', 'DD/MM/YYYY'), 'mvivanco@correo.com');
INSERT INTO SPB_PERSONA ( DNI, NOMBRES, APELLIDO1, APELLIDO2, NACIONALIDAD, DIRECCION, SEXO, FECHA_NAC, EMAIL ) 
VALUES ('10000007', 'Carlos', 'Herrera', 'Tello', 'CO', 'Calle M Urb Girasoles Andahuaylas', 'M', TO_DATE('04/02/1991', 'DD/MM/YYYY'), 'cherrera@correo.com');
INSERT INTO SPB_PERSONA ( DNI, NOMBRES, APELLIDO1, APELLIDO2, NACIONALIDAD, DIRECCION, SEXO, FECHA_NAC, EMAIL ) 
VALUES ('10000008', 'Lucia', 'Jimenez', 'Pinto', 'PE', 'Calle H Urb Asmat Andahuaylas', 'M', TO_DATE('04/02/1991', 'DD/MM/YYYY'), 'ljimenez@correo.com');
INSERT INTO SPB_PERSONA ( DNI, NOMBRES, APELLIDO1, APELLIDO2, NACIONALIDAD, DIRECCION, SEXO, FECHA_NAC, EMAIL ) 
VALUES ('10000009', 'Andres', 'Suarez', 'Icochea', 'PE', 'Calle L Urb Asmat Huanuco', 'M', TO_DATE('04/02/1999', 'DD/MM/YYYY'), 'asuarez@correo.com');
INSERT INTO SPB_PERSONA ( DNI, NOMBRES, APELLIDO1, APELLIDO2, NACIONALIDAD, DIRECCION, SEXO, FECHA_NAC, EMAIL ) 
VALUES ('10000010', 'Paolo', 'Santibanez', 'Ruiz', 'PE', 'Calle J Urb Sigma Huanuco', 'M', TO_DATE('14/03/1998', 'DD/MM/YYYY'), 'psantibanez@correo.com');
INSERT INTO SPB_PERSONA ( DNI, NOMBRES, APELLIDO1, APELLIDO2, NACIONALIDAD, DIRECCION, SEXO, FECHA_NAC, EMAIL ) 
VALUES ('10000011', 'Carola', 'Sosa', 'Vargas', 'PE', 'Calle O Urb Estrella Piura', 'F', TO_DATE('11/03/1997', 'DD/MM/YYYY'), 'csosa@correo.com');
INSERT INTO SPB_PERSONA ( DNI, NOMBRES, APELLIDO1, APELLIDO2, NACIONALIDAD, DIRECCION, SEXO, FECHA_NAC, EMAIL ) 
VALUES ('10000012', 'Juana', 'Ygreda', 'Soto', 'PE', 'Calle 1 Urb Estrella Tumbes', 'F', TO_DATE('14/07/1999', 'DD/MM/YYYY'), 'jygreda@correo.com');

INSERT INTO SPB_DEPARTAMENTO ( COD_DPTO, NOMBRE_DPTO, RESPONSABLE, NRO_PABELLONES, NRO_CAFETERIAS )
VALUES ('D0001', 'EEGGCC', '10000008', 5, 1);
INSERT INTO SPB_DEPARTAMENTO ( COD_DPTO, NOMBRE_DPTO, RESPONSABLE, NRO_PABELLONES, NRO_CAFETERIAS )
VALUES ('D0002', 'EEGGLL', '10000005', 3, 1);
INSERT INTO SPB_DEPARTAMENTO ( COD_DPTO, NOMBRE_DPTO, RESPONSABLE, NRO_PABELLONES, NRO_CAFETERIAS )
VALUES ('D0003', 'CIENCIAS E INGENIERÍA', '10000006', 4, 0);

INSERT INTO SPB_BIBLIOTECA ( COD_BIBLIO, NOMBRE_BIBLIO, UBICACION, CANT_SALAS, CANT_ESTANTES ) 
VALUES ('B0001', 'Biblioteca Central', 'Ingreso pta principal', 10, 20);
INSERT INTO SPB_BIBLIOTECA ( COD_BIBLIO, NOMBRE_BIBLIO, UBICACION, CANT_SALAS, CANT_ESTANTES ) 
VALUES ('B0002', 'Biblioteca Minas', 'Pabellon M', 1, 5);
INSERT INTO SPB_BIBLIOTECA ( COD_BIBLIO, NOMBRE_BIBLIO, UBICACION, CANT_SALAS, CANT_ESTANTES ) 
VALUES ('B0003', 'Biblioteca Sociales', 'Pabellon S', 4, 8);
INSERT INTO SPB_BIBLIOTECA ( COD_BIBLIO, NOMBRE_BIBLIO, UBICACION, CANT_SALAS, CANT_ESTANTES ) 
VALUES ('B0004', 'Biblioteca Teología', '', 2, 2);
INSERT INTO SPB_BIBLIOTECA ( COD_BIBLIO, NOMBRE_BIBLIO, UBICACION, CANT_SALAS, CANT_ESTANTES ) 
VALUES ('B0005', 'Biblioteca de Innovación', '', 15, 50);
INSERT INTO SPB_BIBLIOTECA ( COD_BIBLIO, NOMBRE_BIBLIO, UBICACION, CANT_SALAS, CANT_ESTANTES ) 
VALUES ('B0006', 'Biblioteca de centro Est. Orientales', '', 6, 1);
INSERT INTO SPB_BIBLIOTECA ( COD_BIBLIO, NOMBRE_BIBLIO, UBICACION, CANT_SALAS, CANT_ESTANTES ) 
VALUES ('B0007', 'Biblioteca centrum', 'DOSIS', 4, 12);
INSERT INTO SPB_BIBLIOTECA ( COD_BIBLIO, NOMBRE_BIBLIO, UBICACION, CANT_SALAS, CANT_ESTANTES ) 
VALUES ('B0008', 'Biblioteca Riva-Aguero', 'Jr Camana', 5, 12);

INSERT INTO SPB_TIPO_LIBRO ( COD_TIPO_LIBRO, DESCRIPCION ) 
VALUES ('T0001', 'Libro');
INSERT INTO SPB_TIPO_LIBRO ( COD_TIPO_LIBRO, DESCRIPCION ) 
VALUES ('T0002', 'Revista');
INSERT INTO SPB_TIPO_LIBRO ( COD_TIPO_LIBRO, DESCRIPCION ) 
VALUES ('T0003', 'Articulo');
INSERT INTO SPB_TIPO_LIBRO ( COD_TIPO_LIBRO, DESCRIPCION ) 
VALUES ('T0004', 'Tesis');

INSERT INTO SPB_LIBRO ( COD_LIBRO, TITULO, AUTOR, EDITORAL, ANHO_PUBLICA, TIPO_LIBRO )
VALUES ('L0001', 'CÁLCULO DIFERENCIAL', 'MAYNARD KONG', 'PUCP', 1997, 'T0001');
INSERT INTO SPB_LIBRO ( COD_LIBRO, TITULO, AUTOR, EDITORAL, ANHO_PUBLICA, TIPO_LIBRO )
VALUES ('L0002', 'CÁLCULO DIFERENCIAL', 'TOMÁS NÚÑEZ', 'PUCP', 2000, 'T0001');
INSERT INTO SPB_LIBRO ( COD_LIBRO, TITULO, AUTOR, EDITORAL, ANHO_PUBLICA, TIPO_LIBRO )
VALUES ('L0003', 'Systems analysis and design in a changing world', 'Satzinger, John W.', 'Cengage Learning', 2016, 'T0001');
INSERT INTO SPB_LIBRO ( COD_LIBRO, TITULO, AUTOR, EDITORAL, ANHO_PUBLICA, TIPO_LIBRO )
VALUES ('L0004', 'CÁLCULO DIFERENCIAL E INTEGRAL', 'DALE VARBERG', '', 2012, 'T0001');
INSERT INTO SPB_LIBRO ( COD_LIBRO, TITULO, AUTOR, EDITORAL, ANHO_PUBLICA, TIPO_LIBRO )
VALUES ('L0005', 'FÍSICA', 'DUDLEY WILLIAMS', '', 2015, 'T0001');
INSERT INTO SPB_LIBRO ( COD_LIBRO, TITULO, AUTOR, EDITORAL, ANHO_PUBLICA, TIPO_LIBRO )
VALUES ('L0006', 'PROGRAMACIÓN EN LENGUAJE C', 'HERBERT SCHILDT', '', 2015, 'T0001');
INSERT INTO SPB_LIBRO ( COD_LIBRO, TITULO, AUTOR, EDITORAL, ANHO_PUBLICA, TIPO_LIBRO )
VALUES ('L0007', 'Diseño conceptual de bases de datos', 'Batini, Carlo - Ceri, Stefano - Navathe, Shamkant B', '', 2016, 'T0001');
INSERT INTO SPB_LIBRO ( COD_LIBRO, TITULO, AUTOR, EDITORAL, ANHO_PUBLICA, TIPO_LIBRO )
VALUES ('L0008', 'PROGRAMACIÓN ESTRUCTURADA EN LENGUAJE C', 'LEOBARDO LÓPEZ ROMÁN', 'Addison Wesley', 1994, 'T0001');
INSERT INTO SPB_LIBRO ( COD_LIBRO, TITULO, AUTOR, EDITORAL, ANHO_PUBLICA, TIPO_LIBRO )
VALUES ('L0009', 'The data warehouse toolkit : the complete guide to dimensional modeling', 'Kimball, Ralph', 'Wiley Wesley', 2002, 'T0002');
INSERT INTO SPB_LIBRO ( COD_LIBRO, TITULO, AUTOR, EDITORAL, ANHO_PUBLICA, TIPO_LIBRO )
VALUES ('L0010', 'C how to program', 'DEITEL, Harvey M.', 'Prentice-Hall', 2004, 'T0001');
INSERT INTO SPB_LIBRO ( COD_LIBRO, TITULO, AUTOR, EDITORAL, ANHO_PUBLICA, TIPO_LIBRO )
VALUES ('L0011', 'Análisis y diseño de sistemas', 'Kendall, Kenneth', 'Pearson Educación', 2011, 'T0001');
INSERT INTO SPB_LIBRO ( COD_LIBRO, TITULO, AUTOR, EDITORAL, ANHO_PUBLICA, TIPO_LIBRO )
VALUES ('L0012', 'Systems analysis and design in a changing world', 'Satzinger, John W.', 'Cengage Learning', 2016, 'T0001');

INSERT INTO SPB_ALUMNO ( COD_ALUMNO, FACULTAD, ESPECIALIDAD,	NIVEL_ESTUDIO ) 
VALUES (10000001, 'D0001', 'ING. CIVIL', 2);
INSERT INTO SPB_ALUMNO ( COD_ALUMNO, FACULTAD, ESPECIALIDAD,	NIVEL_ESTUDIO ) 
VALUES (10000002, 'D0002', 'GESTIÓN', 1);
INSERT INTO SPB_ALUMNO ( COD_ALUMNO, FACULTAD, ESPECIALIDAD,	NIVEL_ESTUDIO ) 
VALUES (10000003, 'D0002', 'DERECHO', 2);
INSERT INTO SPB_ALUMNO ( COD_ALUMNO, FACULTAD, ESPECIALIDAD,	NIVEL_ESTUDIO ) 
VALUES (10000004, 'D0001', 'ING. INFORMATICA', 4);
INSERT INTO SPB_ALUMNO ( COD_ALUMNO, FACULTAD, ESPECIALIDAD,	NIVEL_ESTUDIO ) 
VALUES (10000007, 'D0001', 'ING. INDUSTRIAL', 3);
INSERT INTO SPB_ALUMNO ( COD_ALUMNO, FACULTAD, ESPECIALIDAD,	NIVEL_ESTUDIO ) 
VALUES (10000009, 'D0003', 'MECANICA', 6);
INSERT INTO SPB_ALUMNO ( COD_ALUMNO, FACULTAD, ESPECIALIDAD,	NIVEL_ESTUDIO ) 
VALUES (10000010, 'D0003', 'ELECTRONICA', 8);
INSERT INTO SPB_ALUMNO ( COD_ALUMNO, FACULTAD, ESPECIALIDAD,	NIVEL_ESTUDIO ) 
VALUES (10000011, 'D0003', 'CIVIL', 9);
INSERT INTO SPB_ALUMNO ( COD_ALUMNO, FACULTAD, ESPECIALIDAD,	NIVEL_ESTUDIO ) 
VALUES (10000012, 'D0003', 'QUIMICA', 8);

INSERT INTO SPB_LIBRO_BIBLIOTECA ( COD_BIBLIO, COD_LIBRO, TOTAL_EJEMPLAR, ESTANTE ) 
VALUES ('B0001', 'L0001', 5, 'E0001');
INSERT INTO SPB_LIBRO_BIBLIOTECA ( COD_BIBLIO, COD_LIBRO, TOTAL_EJEMPLAR, ESTANTE ) 
VALUES ('B0001', 'L0002', 1, 'E0001');
INSERT INTO SPB_LIBRO_BIBLIOTECA ( COD_BIBLIO, COD_LIBRO, TOTAL_EJEMPLAR, ESTANTE ) 
VALUES ('B0001', 'L0009', 2, 'E0001');
INSERT INTO SPB_LIBRO_BIBLIOTECA ( COD_BIBLIO, COD_LIBRO, TOTAL_EJEMPLAR, ESTANTE ) 
VALUES ('B0001', 'L0010', 3, 'E0001');
INSERT INTO SPB_LIBRO_BIBLIOTECA ( COD_BIBLIO, COD_LIBRO, TOTAL_EJEMPLAR, ESTANTE ) 
VALUES ('B0002', 'L0001', 2, 'E0001');
INSERT INTO SPB_LIBRO_BIBLIOTECA ( COD_BIBLIO, COD_LIBRO, TOTAL_EJEMPLAR, ESTANTE ) 
VALUES ('B0002', 'L0003', 3, 'E0001');
INSERT INTO SPB_LIBRO_BIBLIOTECA ( COD_BIBLIO, COD_LIBRO, TOTAL_EJEMPLAR, ESTANTE ) 
VALUES ('B0002', 'L0004', 1, 'E0001');
INSERT INTO SPB_LIBRO_BIBLIOTECA ( COD_BIBLIO, COD_LIBRO, TOTAL_EJEMPLAR, ESTANTE ) 
VALUES ('B0003', 'L0007', 11, 'E0001');
INSERT INTO SPB_LIBRO_BIBLIOTECA ( COD_BIBLIO, COD_LIBRO, TOTAL_EJEMPLAR, ESTANTE ) 
VALUES ('B0003', 'L0008', 2, 'E0001');
INSERT INTO SPB_LIBRO_BIBLIOTECA ( COD_BIBLIO, COD_LIBRO, TOTAL_EJEMPLAR, ESTANTE ) 
VALUES ('B0004', 'L0002', 3, 'E0002');
INSERT INTO SPB_LIBRO_BIBLIOTECA ( COD_BIBLIO, COD_LIBRO, TOTAL_EJEMPLAR, ESTANTE ) 
VALUES ('B0004', 'L0012', 5, 'E0002');
INSERT INTO SPB_LIBRO_BIBLIOTECA ( COD_BIBLIO, COD_LIBRO, TOTAL_EJEMPLAR, ESTANTE ) 
VALUES ('B0005', 'L0001', 10, 'E0002');
INSERT INTO SPB_LIBRO_BIBLIOTECA ( COD_BIBLIO, COD_LIBRO, TOTAL_EJEMPLAR, ESTANTE ) 
VALUES ('B0005', 'L0005', 2, 'E0002');
INSERT INTO SPB_LIBRO_BIBLIOTECA ( COD_BIBLIO, COD_LIBRO, TOTAL_EJEMPLAR, ESTANTE ) 
VALUES ('B0005', 'L0006', 1, 'E0001');

INSERT INTO SPB_LIBRO_PRESTADO ( COD_BIBLIO, COD_LIBRO, COD_ALUMNO, FECHA_SOLICITUD, FECHA_ENTREGA, NRO_DIAS_PRESTADO ) 
VALUES ('B0001', 'L0001', 10000001, TO_DATE('06/05/2022', 'DD/MM/YYYY'), TO_DATE('11/05/2022', 'DD/MM/YYYY'), 5);
INSERT INTO SPB_LIBRO_PRESTADO ( COD_BIBLIO, COD_LIBRO, COD_ALUMNO, FECHA_SOLICITUD, FECHA_ENTREGA, NRO_DIAS_PRESTADO ) 
VALUES ('B0001', 'L0002', 10000001, TO_DATE('06/05/2022', 'DD/MM/YYYY'), TO_DATE('10/05/2022', 'DD/MM/YYYY'), 10);
INSERT INTO SPB_LIBRO_PRESTADO ( COD_BIBLIO, COD_LIBRO, COD_ALUMNO, FECHA_SOLICITUD, FECHA_ENTREGA, NRO_DIAS_PRESTADO ) 
VALUES ('B0001', 'L0009', 10000002, TO_DATE('02/02/2023', 'DD/MM/YYYY'), null, 5);
INSERT INTO SPB_LIBRO_PRESTADO ( COD_BIBLIO, COD_LIBRO, COD_ALUMNO, FECHA_SOLICITUD, FECHA_ENTREGA, NRO_DIAS_PRESTADO ) 
VALUES ('B0002', 'L0001', 10000002, TO_DATE('06/04/2022', 'DD/MM/YYYY'), TO_DATE('10/05/2022', 'DD/MM/YYYY'), 5);
INSERT INTO SPB_LIBRO_PRESTADO ( COD_BIBLIO, COD_LIBRO, COD_ALUMNO, FECHA_SOLICITUD, FECHA_ENTREGA, NRO_DIAS_PRESTADO ) 
VALUES ('B0002', 'L0003', 10000002, TO_DATE('26/04/2022', 'DD/MM/YYYY'), TO_DATE('01/05/2022', 'DD/MM/YYYY'), 5);
INSERT INTO SPB_LIBRO_PRESTADO ( COD_BIBLIO, COD_LIBRO, COD_ALUMNO, FECHA_SOLICITUD, FECHA_ENTREGA, NRO_DIAS_PRESTADO ) 
VALUES ('B0002', 'L0004', 10000003, TO_DATE('01/06/2022', 'DD/MM/YYYY'), TO_DATE('27/06/2022', 'DD/MM/YYYY'), 5);
INSERT INTO SPB_LIBRO_PRESTADO ( COD_BIBLIO, COD_LIBRO, COD_ALUMNO, FECHA_SOLICITUD, FECHA_ENTREGA, NRO_DIAS_PRESTADO ) 
VALUES ('B0005', 'L0001', 10000004, TO_DATE('01/09/2022', 'DD/MM/YYYY'), TO_DATE('10/09/2022', 'DD/MM/YYYY'), 5);
INSERT INTO SPB_LIBRO_PRESTADO ( COD_BIBLIO, COD_LIBRO, COD_ALUMNO, FECHA_SOLICITUD, FECHA_ENTREGA, NRO_DIAS_PRESTADO ) 
VALUES ('B0005', 'L0005', 10000004, TO_DATE('01/09/2022', 'DD/MM/YYYY'), TO_DATE('10/09/2022', 'DD/MM/YYYY'), 5);
INSERT INTO SPB_LIBRO_PRESTADO ( COD_BIBLIO, COD_LIBRO, COD_ALUMNO, FECHA_SOLICITUD, FECHA_ENTREGA, NRO_DIAS_PRESTADO ) 
VALUES ('B0005', 'L0006', 10000004, TO_DATE('04/01/2023', 'DD/MM/YYYY'), null, 5);
INSERT INTO SPB_LIBRO_PRESTADO ( COD_BIBLIO, COD_LIBRO, COD_ALUMNO, FECHA_SOLICITUD, FECHA_ENTREGA, NRO_DIAS_PRESTADO ) 
VALUES ('B0004', 'L0012', 10000004, TO_DATE('11/09/2022', 'DD/MM/YYYY'), TO_DATE('15/09/2022', 'DD/MM/YYYY'), 3);
INSERT INTO SPB_LIBRO_PRESTADO ( COD_BIBLIO, COD_LIBRO, COD_ALUMNO, FECHA_SOLICITUD, FECHA_ENTREGA, NRO_DIAS_PRESTADO ) 
VALUES ('B0003', 'L0007', 10000007, TO_DATE('19/09/2022', 'DD/MM/YYYY'), TO_DATE('20/09/2022', 'DD/MM/YYYY'), 3);
INSERT INTO SPB_LIBRO_PRESTADO ( COD_BIBLIO, COD_LIBRO, COD_ALUMNO, FECHA_SOLICITUD, FECHA_ENTREGA, NRO_DIAS_PRESTADO ) 
VALUES ('B0003', 'L0008', 10000007, TO_DATE('12/09/2022', 'DD/MM/YYYY'), TO_DATE('17/09/2022', 'DD/MM/YYYY'), 3);
INSERT INTO SPB_LIBRO_PRESTADO ( COD_BIBLIO, COD_LIBRO, COD_ALUMNO, FECHA_SOLICITUD, FECHA_ENTREGA, NRO_DIAS_PRESTADO ) 
VALUES ('B0005', 'L0001', 10000009, TO_DATE('21/01/2023', 'DD/MM/YYYY'), null, 3);
INSERT INTO SPB_LIBRO_PRESTADO ( COD_BIBLIO, COD_LIBRO, COD_ALUMNO, FECHA_SOLICITUD, FECHA_ENTREGA, NRO_DIAS_PRESTADO ) 
VALUES ('B0004', 'L0012', 10000009, TO_DATE('21/08/2022', 'DD/MM/YYYY'), TO_DATE('30/08/2022', 'DD/MM/YYYY'), 3);
INSERT INTO SPB_LIBRO_PRESTADO ( COD_BIBLIO, COD_LIBRO, COD_ALUMNO, FECHA_SOLICITUD, FECHA_ENTREGA, NRO_DIAS_PRESTADO ) 
VALUES ('B0005', 'L0006', 10000009, TO_DATE('01/05/2022', 'DD/MM/YYYY'), TO_DATE('10/05/2022', 'DD/MM/YYYY'), 5);

UPDATE SPB_LIBRO_PRESTADO SET NRO_DIAS_PRESTADO = TRUNC(FECHA_ENTREGA) - TRUNC(FECHA_SOLICITUD) WHERE FECHA_ENTREGA IS NOT NULL;
UPDATE SPB_LIBRO_PRESTADO SET NRO_DIAS_PRESTADO = TRUNC(SYSDATE) - TRUNC(FECHA_SOLICITUD) WHERE FECHA_ENTREGA IS NULL;

COMMIT;