INSERT INTO CE_PERSONA (DNI, NOMBRES, APELLIDO_PATERNO, APELLIDO_MATERNO, CORREO_ELECTRONICO, DIRECCION, TELEFONO, TIPO_PERSONA, UBIGEO) VALUES
('70032988', 'Daniel Alberto', 'Cardenas', 'Cordova', 'daniel@gmail.com', 'Av. Jose Olaya 115', '4698783', 1, '140109');
INSERT INTO CE_PERSONA (DNI, NOMBRES, APELLIDO_PATERNO, APELLIDO_MATERNO, CORREO_ELECTRONICO, DIRECCION, TELEFONO, TIPO_PERSONA, UBIGEO) VALUES
('70010727', 'Joel', 'Arana', 'Paz', 'joelapaz@pucp.edu.pe', 'Jr. La Paz 105', '941833380', 1, '140125');
INSERT INTO CE_PERSONA (DNI, NOMBRES, APELLIDO_PATERNO, APELLIDO_MATERNO, CORREO_ELECTRONICO, DIRECCION, TELEFONO, TIPO_PERSONA, UBIGEO) VALUES
('45093870', 'Eduardo', 'Alarcon', 'Chang', 'eduedu@hotmail.com', 'Av. Grau 1151 Dpto 123', '909652939', 1, '140125');
INSERT INTO CE_PERSONA (DNI, NOMBRES, APELLIDO_PATERNO, APELLIDO_MATERNO, CORREO_ELECTRONICO, DIRECCION, TELEFONO, TIPO_PERSONA, UBIGEO) VALUES
('48117773', 'Deivid', 'Balbuena', 'Herrera', 'eldavid@gmail.com', 'Jr. Miraflores 200', '7492940', 1, '140142');

INSERT INTO CE_PERSONA (DNI, NOMBRES, APELLIDO_PATERNO, APELLIDO_MATERNO, CORREO_ELECTRONICO, DIRECCION, TELEFONO, TIPO_PERSONA, UBIGEO) VALUES
('71595687', 'Roberto Gomez', 'Quino', 'Smith', 'daniel@gmail.com', 'Av. Jose Olaya 115', '4612383', 2, '140108');
INSERT INTO CE_PERSONA (DNI, NOMBRES, APELLIDO_PATERNO, APELLIDO_MATERNO, CORREO_ELECTRONICO, DIRECCION, TELEFONO, TIPO_PERSONA, UBIGEO) VALUES
('73061678', 'Javier', 'Pasquel', 'Corcuera', 'joelapaz@pucp.edu.pe', 'Jr. La Paz 105', '4833380', 2, '140110');
INSERT INTO CE_PERSONA (DNI, NOMBRES, APELLIDO_PATERNO, APELLIDO_MATERNO, CORREO_ELECTRONICO, DIRECCION, TELEFONO, TIPO_PERSONA, UBIGEO) VALUES
('73309225', 'Danielle', 'Kim', 'Hurtado', 'eduedu@hotmail.com', 'Av. Grau 1151 Dpto 123', '965293912', 2, '140110');
INSERT INTO CE_PERSONA (DNI, NOMBRES, APELLIDO_PATERNO, APELLIDO_MATERNO, CORREO_ELECTRONICO, DIRECCION, TELEFONO, TIPO_PERSONA, UBIGEO) VALUES
('70850110', 'Milagros', 'Cueva', 'Hans', 'eldavid@gmail.com', 'Jr. Miraflores 200', '940217492', 2, '140124');

INSERT INTO CE_PERSONA (DNI, NOMBRES, APELLIDO_PATERNO, APELLIDO_MATERNO, CORREO_ELECTRONICO, DIRECCION, TELEFONO, TIPO_PERSONA, UBIGEO) VALUES
('73046038', 'Giancarlo', 'Nakamura', 'Ruiz', 'dnaka@pucp.edu.pe', 'Av. Jose Olaya 115', '4198783', 1, '140111');
INSERT INTO CE_PERSONA (DNI, NOMBRES, APELLIDO_PATERNO, APELLIDO_MATERNO, CORREO_ELECTRONICO, DIRECCION, TELEFONO, TIPO_PERSONA, UBIGEO) VALUES
('73644096', 'Samantha', 'Arenas', 'Lopez', 's.arenas.l@pucp.edu.pe', 'Jr. La Paz 105', '941826380', 1, '140110');
INSERT INTO CE_PERSONA (DNI, NOMBRES, APELLIDO_PATERNO, APELLIDO_MATERNO, CORREO_ELECTRONICO, DIRECCION, TELEFONO, TIPO_PERSONA, UBIGEO) VALUES
('72353361', 'Alonso', 'Leguia', 'Alvarez', 'alonso@hotmail.com', 'Av. Grau 1151 Dpto 123', '923652939', 1, '140125');
INSERT INTO CE_PERSONA (DNI, NOMBRES, APELLIDO_PATERNO, APELLIDO_MATERNO, CORREO_ELECTRONICO, DIRECCION, TELEFONO, TIPO_PERSONA, UBIGEO) VALUES
('75963180', 'Josefina', 'Suarez', 'Caceres', 'jsuarez@gmail.com', 'Jr. Miraflores 200', '7494440', 1, '140125');

INSERT INTO CE_CLASE (ID_CLASE, CODIGO_CLASE, NOMBRE, VIRTUAL, FECHA_INICIO, FECHA_FIN, COSTO) VALUES
(1, 'BAS01', 'Basico 01', 1, TO_DATE('03/01/2023', 'dd/MM/yyyy'), TO_DATE('24/01/2023', 'dd/MM/yyyy'), 320.0);
INSERT INTO CE_CLASE (ID_CLASE, CODIGO_CLASE, NOMBRE, VIRTUAL, FECHA_INICIO, FECHA_FIN, COSTO) VALUES
(2, 'BAS02', 'Basic 02', 1, TO_DATE('02/02/2023', 'dd/MM/yyyy'), TO_DATE('23/02/2023', 'dd/MM/yyyy'), 320.0);
INSERT INTO CE_CLASE (ID_CLASE, CODIGO_CLASE, NOMBRE, VIRTUAL, FECHA_INICIO, FECHA_FIN, COSTO) VALUES
(3, 'BAS03', 'Basic 03', 1, TO_DATE('02/02/2023', 'dd/MM/yyyy'), TO_DATE('23/02/2023', 'dd/MM/yyyy'), 320.0);
INSERT INTO CE_CLASE (ID_CLASE, CODIGO_CLASE, NOMBRE, VIRTUAL, FECHA_INICIO, FECHA_FIN, COSTO) VALUES
(4, 'BAS04', 'Basic 04', 1, TO_DATE('03/01/2023', 'dd/MM/yyyy'), TO_DATE('24/01/2023', 'dd/MM/yyyy'), 320.0);
INSERT INTO CE_CLASE (ID_CLASE, CODIGO_CLASE, NOMBRE, VIRTUAL, FECHA_INICIO, FECHA_FIN, COSTO) VALUES
(5, 'JR01', 'Junior 01', 0, TO_DATE('03/01/2023', 'dd/MM/yyyy'), TO_DATE('24/01/2023', 'dd/MM/yyyy'), 295.0);
INSERT INTO CE_CLASE (ID_CLASE, CODIGO_CLASE, NOMBRE, VIRTUAL, FECHA_INICIO, FECHA_FIN, COSTO) VALUES
(6, 'JR02', 'Junior 02', 0, TO_DATE('02/02/2023', 'dd/MM/yyyy'), TO_DATE('23/02/2023', 'dd/MM/yyyy'), 295.0);
INSERT INTO CE_CLASE (ID_CLASE, CODIGO_CLASE, NOMBRE, VIRTUAL, FECHA_INICIO, FECHA_FIN, COSTO) VALUES
(7, 'JR03', 'Junior 03', 0, TO_DATE('02/02/2023', 'dd/MM/yyyy'), TO_DATE('23/02/2023', 'dd/MM/yyyy'), 295.0);

INSERT INTO CE_HORARIO (ID_HORARIO, ID_CLASE, HORA_INICIO, HORA_FIN, DNI_DOCENTE) VALUES
(1, 1, 8, 10, '71595687');
INSERT INTO CE_HORARIO (ID_HORARIO, ID_CLASE, HORA_INICIO, HORA_FIN, DNI_DOCENTE) VALUES
(2, 1, 10, 12, '71595687');
INSERT INTO CE_HORARIO (ID_HORARIO, ID_CLASE, HORA_INICIO, HORA_FIN, DNI_DOCENTE) VALUES
(3, 1, 14, 16, '71595687');

INSERT INTO CE_HORARIO (ID_HORARIO, ID_CLASE, HORA_INICIO, HORA_FIN, DNI_DOCENTE) VALUES
(4, 2, 9, 11, '73061678');
INSERT INTO CE_HORARIO (ID_HORARIO, ID_CLASE, HORA_INICIO, HORA_FIN, DNI_DOCENTE) VALUES
(5, 2, 11, 13, '73061678');
INSERT INTO CE_HORARIO (ID_HORARIO, ID_CLASE, HORA_INICIO, HORA_FIN, DNI_DOCENTE) VALUES
(6, 2, 15, 17, '73061678');

INSERT INTO CE_HORARIO (ID_HORARIO, ID_CLASE, HORA_INICIO, HORA_FIN, DNI_DOCENTE) VALUES
(7, 5, 10, 12, '73309225');
INSERT INTO CE_HORARIO (ID_HORARIO, ID_CLASE, HORA_INICIO, HORA_FIN, DNI_DOCENTE) VALUES
(8, 5, 12, 14, '70850110');
INSERT INTO CE_HORARIO (ID_HORARIO, ID_CLASE, HORA_INICIO, HORA_FIN, DNI_DOCENTE) VALUES
(9, 5, 14, 16, '73309225');
INSERT INTO CE_HORARIO (ID_HORARIO, ID_CLASE, HORA_INICIO, HORA_FIN, DNI_DOCENTE) VALUES
(10, 5, 16, 18, '70850110');

INSERT INTO CE_HORARIO_ALUMNO (ID_HORARIO, DNI_ALUMNO, NOTA_FINAL) VALUES
(1, '70032988', NULL);
INSERT INTO CE_HORARIO_ALUMNO (ID_HORARIO, DNI_ALUMNO, NOTA_FINAL) VALUES
(1, '70010727', NULL);
INSERT INTO CE_HORARIO_ALUMNO (ID_HORARIO, DNI_ALUMNO, NOTA_FINAL) VALUES
(1, '45093870', NULL);

INSERT INTO CE_HORARIO_ALUMNO (ID_HORARIO, DNI_ALUMNO, NOTA_FINAL) VALUES
(4, '48117773', NULL);
INSERT INTO CE_HORARIO_ALUMNO (ID_HORARIO, DNI_ALUMNO, NOTA_FINAL) VALUES
(4, '73046038', NULL);
INSERT INTO CE_HORARIO_ALUMNO (ID_HORARIO, DNI_ALUMNO, NOTA_FINAL) VALUES
(4, '73644096', NULL);

INSERT INTO CE_HORARIO_ALUMNO (ID_HORARIO, DNI_ALUMNO, NOTA_FINAL) VALUES
(9, '72353361', NULL);
INSERT INTO CE_HORARIO_ALUMNO (ID_HORARIO, DNI_ALUMNO, NOTA_FINAL) VALUES
(9, '75963180', NULL);

COMMIT;