INSERT INTO E1_LIBRO VALUES (1,'LA CIUDAD Y LOS PERROS');
INSERT INTO E1_LIBRO VALUES (2,'LA TIA JULIA Y EL ESCRIBIDOR');
INSERT INTO E1_LIBRO VALUES (3,'THE NEIGHBOURHOOD');
INSERT INTO E1_LIBRO VALUES (4,'EL HEROE DISCRETO');
INSERT INTO E1_LIBRO VALUES (5,'DEATH IN THE ANDES');
INSERT INTO E1_LIBRO VALUES (6,'CIEN AÑOS DE SOLEDAD');
INSERT INTO E1_LIBRO VALUES (7,'EL AMOR EN LOS TIEMPOS DE CÓLERA');
/
INSERT INTO E1_AUTOR (ID_AUTOR,APELLIDOS,NOMBRES)VALUES (1,'VARGAS LLOSA','MARIO');
INSERT INTO E1_AUTOR (ID_AUTOR,APELLIDOS,NOMBRES)VALUES (2,'GARCIA MARQUEZ','GABRIEL');
INSERT INTO E1_AUTOR (ID_AUTOR,APELLIDOS,NOMBRES)VALUES (3,'BRYCE ECHENIQUE','ALFREDO');
INSERT INTO E1_AUTOR (ID_AUTOR,APELLIDOS,NOMBRES)VALUES (4,'RIBEYRO ZUÑIGA','JULIO');
/
INSERT INTO E1_AUTORDELIBRO (ID_AUTOR,ID_LIBRO) VALUES(1,1);
INSERT INTO E1_AUTORDELIBRO (ID_AUTOR,ID_LIBRO) VALUES(1,2);
INSERT INTO E1_AUTORDELIBRO (ID_AUTOR,ID_LIBRO) VALUES(1,3);
INSERT INTO E1_AUTORDELIBRO (ID_AUTOR,ID_LIBRO) VALUES(1,4);
INSERT INTO E1_AUTORDELIBRO (ID_AUTOR,ID_LIBRO) VALUES(1,5);
INSERT INTO E1_AUTORDELIBRO (ID_AUTOR,ID_LIBRO) VALUES(2,6);
INSERT INTO E1_AUTORDELIBRO (ID_AUTOR,ID_LIBRO) VALUES(2,7);
/
INSERT INTO E1_IDIOMA (ID_IDIOMA,DESCRIPCION) VALUES (1, 'ESPANOL');
INSERT INTO E1_IDIOMA (ID_IDIOMA,DESCRIPCION) VALUES (2, 'INGLES');
INSERT INTO E1_IDIOMA (ID_IDIOMA,DESCRIPCION) VALUES (3, 'FRANCES');
/
INSERT INTO E1_EDICION (ISBN,ANHO,ID_LIBRO,ID_IDIOMA) VALUES (9786124262708,2015,1,1);
INSERT INTO E1_EDICION (ISBN,ANHO,ID_LIBRO,ID_IDIOMA) VALUES (9786124349720,2019,1,1);
INSERT INTO E1_EDICION (ISBN,ANHO,ID_LIBRO,ID_IDIOMA) VALUES (9788466309158,2000,1,2);
INSERT INTO E1_EDICION (ISBN,ANHO,ID_LIBRO,ID_IDIOMA) VALUES (9780571333103,2000,3,2);
INSERT INTO E1_EDICION (ISBN,ANHO,ID_LIBRO,ID_IDIOMA) VALUES (9780571310722,2015,4,3);
INSERT INTO E1_EDICION (ISBN,ANHO,ID_LIBRO,ID_IDIOMA) VALUES (9786124262425,2015,4,1);
INSERT INTO E1_EDICION (ISBN,ANHO,ID_LIBRO,ID_IDIOMA) VALUES (9780571175499,2015,5,2);
INSERT INTO E1_EDICION (ISBN,ANHO,ID_LIBRO,ID_IDIOMA) VALUES (9780060114183,2015,6,2);
INSERT INTO E1_EDICION (ISBN,ANHO,ID_LIBRO,ID_IDIOMA) VALUES (9786070737596,2015,6,1);
INSERT INTO E1_EDICION (ISBN,ANHO,ID_LIBRO,ID_IDIOMA) VALUES (9788439728368,2015,6,3);
INSERT INTO E1_EDICION (ISBN,ANHO,ID_LIBRO,ID_IDIOMA) VALUES (9786124262777,2015,7,1);
INSERT INTO E1_EDICION (ISBN,ANHO,ID_LIBRO,ID_IDIOMA) VALUES (9788439728351,2014,7,2);
/
INSERT INTO E1_COPIA (NUMCOPIA, EDICION_ISBN) VALUES (1,9786124262708);
INSERT INTO E1_COPIA (NUMCOPIA, EDICION_ISBN) VALUES (2,9786124262708);
INSERT INTO E1_COPIA (NUMCOPIA, EDICION_ISBN) VALUES (3,9786124262708);
INSERT INTO E1_COPIA (NUMCOPIA, EDICION_ISBN) VALUES (4,9786124349720);
INSERT INTO E1_COPIA (NUMCOPIA, EDICION_ISBN) VALUES (5,9786124349720);
INSERT INTO E1_COPIA (NUMCOPIA, EDICION_ISBN) VALUES (6,9788466309158);
INSERT INTO E1_COPIA (NUMCOPIA, EDICION_ISBN) VALUES (7,9780571333103);
INSERT INTO E1_COPIA (NUMCOPIA, EDICION_ISBN) VALUES (8,9780571333103);
INSERT INTO E1_COPIA (NUMCOPIA, EDICION_ISBN) VALUES (9,9780571310722);
INSERT INTO E1_COPIA (NUMCOPIA, EDICION_ISBN) VALUES (10,9780571310722);
INSERT INTO E1_COPIA (NUMCOPIA, EDICION_ISBN) VALUES (11,9786124262425);
INSERT INTO E1_COPIA (NUMCOPIA, EDICION_ISBN) VALUES (12,9780571175499);
INSERT INTO E1_COPIA (NUMCOPIA, EDICION_ISBN) VALUES (13,9780060114183);
INSERT INTO E1_COPIA (NUMCOPIA, EDICION_ISBN) VALUES (14,9780060114183);
INSERT INTO E1_COPIA (NUMCOPIA, EDICION_ISBN) VALUES (15,9786070737596);
INSERT INTO E1_COPIA (NUMCOPIA, EDICION_ISBN) VALUES (16,9786124262777);
INSERT INTO E1_COPIA (NUMCOPIA, EDICION_ISBN) VALUES (17,9788439728368);
INSERT INTO E1_COPIA (NUMCOPIA, EDICION_ISBN) VALUES (18,9786124349720);
INSERT INTO E1_COPIA (NUMCOPIA, EDICION_ISBN) VALUES (19,9786124349720);
INSERT INTO E1_COPIA (NUMCOPIA, EDICION_ISBN) VALUES (20,9786124262708);
INSERT INTO E1_COPIA (NUMCOPIA, EDICION_ISBN) VALUES (21,9786124262708);
/
INSERT INTO E1_USUARIO VALUES(101,'JPEREZ');
INSERT INTO E1_USUARIO VALUES(102,'JRAMIREZ');
INSERT INTO E1_USUARIO VALUES(103,'JRIVERA');
INSERT INTO E1_USUARIO VALUES(104,'LCISNEROS');
INSERT INTO E1_USUARIO VALUES(105,'RPIAGGIO');
INSERT INTO E1_USUARIO VALUES(106,'HMARCOS');
INSERT INTO E1_USUARIO VALUES(107,'GMENDOZA');
INSERT INTO E1_USUARIO VALUES(108,'LVILLANUEVA');
/
INSERT INTO E1_PRESTAMO (FECHAPRESTAMO,NUMCOPIA,ID_USUARIO,FECHADEVOLUCION)
VALUES (TO_DATE('01/05/2022','DD/MM/YYYY'),2, 101, TO_DATE('03/05/2022','DD/MM/YYYY'));
INSERT INTO E1_PRESTAMO (FECHAPRESTAMO,NUMCOPIA,ID_USUARIO,FECHADEVOLUCION)
VALUES (TO_DATE('01/05/2022','DD/MM/YYYY'),5, 103, TO_DATE('03/05/2022','DD/MM/YYYY'));
INSERT INTO E1_PRESTAMO (FECHAPRESTAMO,NUMCOPIA,ID_USUARIO,FECHADEVOLUCION)
VALUES (TO_DATE('10/05/2022','DD/MM/YYYY'),15, 105, TO_DATE('13/05/2022','DD/MM/YYYY'));
INSERT INTO E1_PRESTAMO (FECHAPRESTAMO,NUMCOPIA,ID_USUARIO,FECHADEVOLUCION,FECHADEVUELTO)
VALUES (TO_DATE('01/02/2022','DD/MM/YYYY'),2, 101, TO_DATE('03/02/2022','DD/MM/YYYY'),TO_DATE('18/02/2022','DD/MM/YYYY'));
INSERT INTO E1_PRESTAMO (FECHAPRESTAMO,NUMCOPIA,ID_USUARIO,FECHADEVOLUCION, FECHADEVUELTO)
VALUES (TO_DATE('10/04/2022','DD/MM/YYYY'),5, 102, TO_DATE('13/04/2022','DD/MM/YYYY'), TO_DATE('18/04/2022','DD/MM/YYYY'));
INSERT INTO E1_PRESTAMO (FECHAPRESTAMO,NUMCOPIA,ID_USUARIO,FECHADEVOLUCION, FECHADEVUELTO)
VALUES (TO_DATE('10/04/2022','DD/MM/YYYY'),5, 104, TO_DATE('17/04/2022','DD/MM/YYYY'), TO_DATE('18/04/2022','DD/MM/YYYY'));
INSERT INTO E1_PRESTAMO (FECHAPRESTAMO,NUMCOPIA,ID_USUARIO,FECHADEVOLUCION, FECHADEVUELTO)
VALUES (TO_DATE('08/03/2022','DD/MM/YYYY'),2, 104, TO_DATE('11/03/2022','DD/MM/YYYY'), TO_DATE('14/03/2022','DD/MM/YYYY'));
INSERT INTO E1_PRESTAMO (FECHAPRESTAMO,NUMCOPIA,ID_USUARIO,FECHADEVOLUCION, FECHADEVUELTO)
VALUES (TO_DATE('11/04/2022','DD/MM/YYYY'),9, 103, TO_DATE('12/04/2022','DD/MM/YYYY'), TO_DATE('14/04/2022','DD/MM/YYYY'));
INSERT INTO E1_PRESTAMO (FECHAPRESTAMO,NUMCOPIA,ID_USUARIO,FECHADEVOLUCION, FECHADEVUELTO)
VALUES (TO_DATE('11/04/2022','DD/MM/YYYY'),13, 108, TO_DATE('12/04/2022','DD/MM/YYYY'), TO_DATE('14/04/2022','DD/MM/YYYY'));
/
COMMIT;

